ip_address,http_status,latitude,longitude,user name,time,state,city
111.238.80.210/1,51,36.0275,-80.2073,mlomasny0@fema.gov,2020-11-17 03:15:43,North Carolina,Winston Salem
220.89.228.20/19,19,34.5137,-92.9685,reckley1@loc.gov,2020-11-09 19:17:17,Arkansas,Hot Springs National Park
61.167.35.106/14,53,40.7442,-89.7184,beliez2@bravesites.com,2020-12-25 07:11:45,Illinois,Peoria
104.89.72.13/22,31,31.6948,-106.3,bmcbrady3@who.int,2020-09-23 16:34:13,Texas,El Paso
254.5.176.144/25,30,40.754,-73.9808,tbeauvais4@mtv.com,2020-06-14 08:18:05,New York,New York City
237.73.55.245/11,7,47.2061,-122.4822,mnisuis5@artisteer.com,2020-09-12 04:45:18,Washington,Tacoma
181.59.219.149/29,89,39.2692,-84.3307,sgarlette6@cargocollective.com,2020-09-24 07:13:48,Ohio,Cincinnati
94.66.7.91/9,19,40.0185,-76.2976,vboland7@bloglines.com,2020-06-21 01:04:01,Pennsylvania,Lancaster
235.240.50.134/11,34,44.8685,-123.0438,rorowane8@squidoo.com,2020-07-31 14:53:15,Oregon,Salem
153.120.37.207/12,71,29.8941,-95.6481,mogles9@berkeley.edu,2020-06-15 19:16:50,Texas,Houston
41.176.118.87/10,11,43.286,-77.6843,dsmitha@simplemachines.org,2020-02-20 01:46:35,New York,Rochester
206.44.218.95/2,81,33.5446,-86.9292,rwarnerb@upenn.edu,2020-12-20 12:20:45,Alabama,Birmingham
58.216.148.230/19,20,36.2383,-95.9931,rwillmanc@over-blog.com,2020-04-19 12:46:06,Oklahoma,Tulsa
53.55.87.191/4,49,39.1668,-84.5382,zjirasekd@istockphoto.com,2020-01-30 00:35:43,Ohio,Cincinnati
146.59.55.210/28,28,47.6564,-122.3048,hstanburye@macromedia.com,2021-01-16 05:01:45,Washington,Seattle
22.192.65.9/20,33,40.6914,-73.8061,hrichfieldf@cloudflare.com,2020-07-04 18:05:42,New York,Jamaica
213.100.103.237/21,56,40.4344,-80.0248,dkiebesg@google.com.au,2020-12-21 06:12:11,Pennsylvania,Pittsburgh
6.244.143.41/31,28,26.134,-81.7953,jjumph@si.edu,2020-09-01 11:36:14,Florida,Naples
227.67.183.248/8,28,39.9106,-83.7856,mdulintyi@yolasite.com,2020-06-29 09:33:34,Ohio,Springfield
182.10.126.54/23,32,38.6531,-90.2435,kirnysj@cnn.com,2020-06-07 09:06:28,Missouri,Saint Louis
114.175.131.22/13,84,40.9897,-80.3084,nphillippk@boston.com,2020-03-10 17:40:02,Pennsylvania,New Castle
150.242.136.24/10,48,40.04,-86.8936,ctylerl@weather.com,2021-01-30 13:18:23,Indiana,Crawfordsville
100.140.209.85/25,83,29.6813,-82.3539,hleffekm@exblog.jp,2020-01-13 23:14:34,Florida,Gainesville
199.2.144.72/16,93,38.8933,-77.0146,jhockingn@comcast.net,2020-04-07 11:35:11,District of Columbia,Washington
221.20.122.199/13,58,38.8545,-77.052,ptremoliereso@wordpress.com,2020-04-17 13:14:08,Virginia,Arlington
89.74.194.52/31,34,41.6727,-93.5722,mswindleyp@fda.gov,2020-10-26 06:02:51,Iowa,Des Moines
155.199.155.153/30,46,33.8444,-84.474,umacdermandq@uol.com.br,2020-08-25 00:51:56,Georgia,Atlanta
252.68.113.54/13,50,33.9583,-118.3258,ccodr@mlb.com,2020-10-26 17:59:52,California,Inglewood
160.61.15.16/14,79,40.692,-89.5887,nblackdens@ebay.com,2020-08-30 21:25:57,Illinois,Peoria
27.91.80.174/18,14,27.7391,-82.6435,sdelaharpet@oakley.com,2020-06-27 12:18:53,Florida,Saint Petersburg
148.238.89.51/16,72,42.3349,-83.1801,goshevlanu@walmart.com,2020-08-31 13:14:30,Michigan,Dearborn
202.160.183.88/26,52,31.6948,-106.3,lpaulingv@t-online.de,2020-03-28 22:03:09,Texas,El Paso
109.80.112.181/16,44,30.0005,-90.1331,cpyburnw@reuters.com,2020-08-23 09:53:41,Louisiana,Metairie
74.19.51.172/6,95,33.5446,-86.9292,eghelardonix@altervista.org,2020-08-23 19:30:50,Alabama,Birmingham
240.103.249.167/17,3,33.5693,-101.8904,cgoomy@newsvine.com,2020-09-24 19:24:50,Texas,Lubbock
94.142.48.64/10,10,40.7105,-74.0163,bcoochz@t-online.de,2020-09-19 18:00:12,New York,New York City
177.108.44.232/5,61,38.4096,-82.369,tlloydwilliams10@squarespace.com,2020-12-16 02:15:38,West Virginia,Huntington
142.20.47.212/4,77,33.0169,-116.846,vcolbert11@craigslist.org,2020-06-17 06:42:39,California,San Diego
197.69.110.189/14,64,41.2955,-96.1008,jandrock12@prlog.org,2020-07-04 12:10:12,Nebraska,Omaha
70.174.80.236/24,28,39.7982,-84.3211,ssalla13@baidu.com,2020-10-06 00:56:00,Ohio,Dayton
88.103.95.142/4,55,39.7495,-89.606,mconsterdine14@odnoklassniki.ru,2020-11-11 19:15:44,Illinois,Springfield
125.252.228.208/11,6,45.0159,-93.4719,wlipson15@psu.edu,2020-04-09 06:54:41,Minnesota,Loretto
28.157.19.172/3,64,37.5593,-77.4471,cshevill16@g.co,2020-04-14 17:30:50,Virginia,Richmond
32.84.76.217/19,42,29.7179,-95.4263,pkeppel17@cafepress.com,2020-03-16 19:01:20,Texas,Houston
163.72.33.222/6,5,40.4598,-79.8224,everrall18@mayoclinic.com,2021-01-13 15:34:14,Pennsylvania,Pittsburgh
45.222.22.66/7,43,33.7358,-85.7933,rmottley19@lulu.com,2020-01-24 12:51:30,Alabama,Anniston
45.106.149.182/22,36,36.8686,-76.3552,pcrisford1a@com.com,2020-06-29 20:09:33,Virginia,Portsmouth
197.90.166.78/25,2,35.2017,-89.9715,kcorkett1b@zimbio.com,2020-09-16 00:12:52,Tennessee,Memphis
158.81.253.100/1,29,37.2568,-121.8896,lbonus1c@youtube.com,2020-06-21 03:21:56,California,San Jose
238.132.41.142/10,14,39.2627,-94.697,rgoggins1d@slate.com,2020-02-06 07:48:39,Missouri,Kansas City
27.168.186.174/24,41,34.8272,-92.2847,smacskeaghan1e@jimdo.com,2020-02-14 06:18:20,Arkansas,North Little Rock
11.168.62.236/23,17,38.8518,-94.3944,jloveland1f@wisc.edu,2020-01-14 12:41:41,Missouri,Lees Summit
163.135.78.172/31,2,33.5082,-112.1011,ldumblton1g@cmu.edu,2020-10-13 02:54:00,Arizona,Phoenix
61.156.207.105/18,97,45.0159,-93.4719,frenault1h@goo.ne.jp,2020-10-19 10:06:29,Minnesota,Young America
239.229.124.136/16,37,27.8918,-82.7248,lboyall1i@imageshack.us,2020-08-04 03:41:15,Florida,Saint Petersburg
130.32.167.20/26,7,36.0914,-115.0885,ltodari1j@nydailynews.com,2020-06-06 02:58:17,Nevada,Las Vegas
79.226.89.58/13,74,39.778,-89.6466,amourge1k@ed.gov,2020-05-02 02:55:51,Illinois,Springfield
61.52.11.244/13,55,26.5354,-80.1124,skirlin1l@istockphoto.com,2020-04-25 17:12:12,Florida,Boynton Beach
35.73.142.179/13,38,41.2955,-96.1008,ppettican1m@360.cn,2020-04-14 06:42:14,Nebraska,Omaha
215.60.19.63/27,61,39.9274,-104.9548,aframmingham1n@washingtonpost.com,2020-05-29 06:46:47,Colorado,Denver
130.103.221.254/25,92,36.0807,-80.0244,zdowdam1o@irs.gov,2020-06-30 16:05:48,North Carolina,Greensboro
98.206.152.31/2,57,35.1316,-80.8577,sfurzey1p@baidu.com,2020-03-17 01:50:21,North Carolina,Charlotte
232.247.78.47/19,17,40.6681,-111.9083,tionnidis1q@cafepress.com,2020-04-14 06:02:39,Utah,Salt Lake City
198.75.91.177/18,10,33.0169,-116.846,sshepard1r@canalblog.com,2021-01-17 00:22:48,California,San Diego
198.229.40.137/3,29,33.0169,-116.846,hjones1s@google.de,2021-01-11 14:47:56,California,Carlsbad
200.123.23.116/2,3,25.7274,-80.4497,slanglands1t@phpbb.com,2020-08-18 06:05:34,Florida,Miami
13.10.128.228/16,33,35.26,-80.8042,mharrison1u@nbcnews.com,2020-10-14 20:41:16,North Carolina,Charlotte
146.4.210.226/10,8,36.7464,-119.6397,bdawid1v@mtv.com,2020-01-06 22:55:34,California,Fresno
254.52.194.22/4,48,47.6536,-117.4317,skierans1w@jalbum.net,2020-12-15 08:21:58,Washington,Spokane
167.125.221.7/22,53,33.6773,-118.0051,dburren1x@thetimes.co.uk,2020-10-22 19:44:40,California,Huntington Beach
169.229.88.80/5,35,31.6948,-106.3,igodspede1y@gravatar.com,2020-06-23 09:52:29,Texas,El Paso
253.171.58.203/10,45,31.6948,-106.3,matheis1z@virginia.edu,2020-12-01 04:56:25,Texas,El Paso
212.87.184.66/13,99,29.834,-95.4342,emcgilvray20@deliciousdays.com,2020-04-25 05:25:04,Texas,Houston
162.129.192.214/23,78,38.9067,-77.0312,cberg21@gnu.org,2020-03-25 00:29:55,District of Columbia,Washington
100.19.52.13/12,38,40.7955,-84.1383,lcregg22@wikimedia.org,2021-01-21 01:29:01,Ohio,Lima
70.130.110.250/5,45,39.969,-83.0114,bcholonin23@jimdo.com,2020-09-18 13:49:14,Ohio,Columbus
223.97.70.215/8,32,38.4826,-121.4006,bprinnett24@dropbox.com,2020-09-16 12:23:17,California,Sacramento
112.131.34.76/4,43,40.0878,-105.3735,dpantridge25@ocn.ne.jp,2021-01-02 22:46:14,Colorado,Boulder
240.103.143.185/19,64,41.5503,-72.9963,jtwelves26@nymag.com,2020-09-29 19:17:37,Connecticut,Waterbury
225.254.161.164/8,98,34.0324,-119.1343,ahenrion27@lycos.com,2020-10-12 06:19:38,California,Ventura
201.2.10.48/27,30,33.6462,-117.8398,adingate28@unicef.org,2020-08-06 11:16:52,California,Irvine
160.25.36.192/21,99,37.5535,-77.4604,jtomik29@arizona.edu,2020-02-26 21:29:28,Virginia,Richmond
127.193.75.51/25,4,42.1827,-80.0649,lclemmow2a@webeden.co.uk,2020-10-25 17:28:41,Pennsylvania,Erie
252.153.162.149/22,41,32.3113,-90.3972,bluberti2b@seesaa.net,2020-07-30 04:30:53,Mississippi,Jackson
197.94.242.243/29,71,40.7808,-73.9772,jmacdermand2c@nyu.edu,2020-03-13 22:48:24,New York,New York City
217.115.222.127/22,38,40.0028,-83.0164,azink2d@devhub.com,2021-01-29 03:02:52,Ohio,Columbus
25.123.42.237/12,46,42.1109,-80.1534,btreace2e@gov.uk,2020-02-08 12:41:27,Pennsylvania,Erie
53.87.107.62/13,55,27.8444,-82.7963,bshavel2f@ovh.net,2021-01-19 14:26:21,Florida,Seminole
37.215.200.103/20,79,39.7434,-75.5827,ilummis2g@tuttocitta.it,2020-09-19 22:08:51,Delaware,Wilmington
36.192.9.208/30,65,27.9671,-82.4334,eelfitt2h@wordpress.org,2020-12-22 17:37:13,Florida,Tampa
199.152.89.236/6,18,41.6767,-83.5573,lghilardini2i@histats.com,2020-03-24 09:44:18,Ohio,Toledo
57.160.126.229/12,32,29.8159,-95.523,gsebborn2j@webs.com,2020-09-25 08:36:53,Texas,Houston
234.45.213.2/25,56,38.4826,-121.4006,ewhetnell2k@fda.gov,2021-01-24 02:42:32,California,Sacramento
254.19.233.197/29,23,38.8247,-104.562,csowerbutts2l@goo.gl,2020-06-09 02:25:44,Colorado,Colorado Springs
42.153.159.234/12,29,39.9106,-83.7856,bsporton2m@wp.com,2020-10-08 00:16:06,Ohio,Springfield
142.11.5.178/5,51,33.7749,-84.3046,ioluwatoyin2n@pbs.org,2020-02-14 23:32:06,Georgia,Decatur
175.11.88.218/10,15,39.6505,-79.944,shuton2o@friendfeed.com,2020-04-09 10:17:27,West Virginia,Morgantown
211.74.228.218/21,67,39.592,-105.1328,cdefond2p@upenn.edu,2020-09-17 22:52:55,Colorado,Littleton
224.21.157.135/7,24,38.8377,-104.837,rjoanic2q@arstechnica.com,2020-09-11 08:41:11,Colorado,Colorado Springs
45.208.28.197/28,43,47.116,-114.0498,bmarton2r@sohu.com,2020-11-22 21:37:38,Montana,Missoula
11.52.208.144/29,68,33.7866,-118.2987,rgoodrick2s@guardian.co.uk,2020-05-01 23:13:16,California,Northridge
216.247.74.104/6,23,27.9843,-82.7813,ctakis2t@latimes.com,2021-01-01 06:49:35,Florida,Clearwater
218.239.7.202/1,76,32.8479,-96.974,cdraycott2u@disqus.com,2020-08-07 11:42:37,Texas,Irving
146.77.70.130/31,95,34.0665,-118.3022,fsilk2v@gmpg.org,2020-01-20 13:56:40,California,Los Angeles
135.31.3.35/9,45,39.2627,-94.697,okief2w@house.gov,2020-02-15 09:37:28,Missouri,Kansas City
43.37.226.193/27,88,38.8933,-77.0146,dsinncock2x@cisco.com,2020-05-25 11:03:11,District of Columbia,Washington
135.211.215.199/31,63,28.3067,-80.6862,terskine2y@imdb.com,2020-04-05 08:59:44,Florida,Melbourne
200.180.154.37/15,23,35.1114,-82.1055,mhexum2z@shinystat.com,2021-01-26 04:49:51,South Carolina,Spartanburg
65.93.37.28/31,39,40.5973,-74.0768,ffather30@netlog.com,2020-04-17 15:09:15,New York,Staten Island
143.227.80.65/1,53,36.1378,-115.3261,tlynd31@aboutads.info,2020-01-24 23:59:18,Nevada,Las Vegas
148.204.50.73/16,8,38.5814,-90.2625,rambrogio32@wired.com,2020-09-08 21:30:21,Missouri,Saint Louis
117.138.32.227/17,33,39.0142,-95.6982,farnaud33@skype.com,2020-04-22 09:19:43,Kansas,Topeka
223.232.86.203/29,29,30.6589,-88.178,abeddall34@naver.com,2020-02-04 23:28:10,Alabama,Mobile
55.219.115.184/2,91,35.1104,-106.5781,smanser35@edublogs.org,2020-04-02 00:34:49,New Mexico,Albuquerque
56.103.148.72/30,35,27.7762,-97.4271,blosel36@boston.com,2020-10-18 21:59:42,Texas,Corpus Christi
135.21.226.159/25,90,32.7673,-96.7776,dbuston37@abc.net.au,2020-10-12 07:49:50,Texas,Dallas
20.16.132.24/5,95,37.6802,-121.9215,cpetrushanko38@omniture.com,2021-01-18 23:29:41,California,Oakland
42.77.218.216/2,55,39.7038,-86.3029,idreossi39@digg.com,2020-12-16 01:46:22,Indiana,Indianapolis
164.254.155.112/22,12,32.7403,-96.5618,rmerfin3a@arstechnica.com,2020-12-11 02:51:27,Texas,Mesquite
177.202.114.126/1,82,30.3264,-97.7713,bcrossan3b@cargocollective.com,2020-06-06 15:52:04,Texas,Austin
136.162.110.2/2,42,43.4599,-116.244,fgalletly3c@creativecommons.org,2020-01-26 05:08:34,Idaho,Boise
77.44.87.30/15,41,41.4571,-81.7844,abullar3d@booking.com,2020-06-15 13:14:23,Ohio,Cleveland
70.144.82.108/7,38,39.2692,-84.3307,lamsberger3e@i2i.jp,2020-12-28 03:01:06,Ohio,Cincinnati
254.116.84.75/29,94,47.2325,-122.3594,vshoveller3f@timesonline.co.uk,2020-09-14 07:05:21,Washington,Tacoma
136.187.218.164/12,27,38.8247,-104.562,lforty3g@telegraph.co.uk,2021-01-21 01:42:48,Colorado,Colorado Springs
24.73.123.19/14,84,42.4617,-83.4053,dsmail3h@huffingtonpost.com,2020-09-05 16:46:06,Michigan,Farmington
222.192.27.120/14,49,27.2427,-82.4751,rjaegar3i@bloomberg.com,2020-10-03 03:12:22,Florida,Sarasota
232.236.123.29/7,77,34.0635,-81.0265,kmitchel3j@fema.gov,2020-02-24 20:12:23,South Carolina,Columbia
229.177.177.22/2,71,40.9166,-74.174,hhonnan3k@hubpages.com,2020-01-23 17:38:26,New Jersey,Paterson
123.228.31.227/8,40,33.1968,-117.2831,lodriscoll3l@psu.edu,2020-08-19 15:34:33,California,Oceanside
197.144.48.71/15,56,38.3774,-121.4444,kmacilory3m@people.com.cn,2020-06-27 16:26:32,California,Sacramento
4.175.237.210/8,23,26.134,-81.7953,kvivians3n@jiathis.com,2020-06-17 14:49:00,Florida,Naples
201.92.100.91/29,23,42.3231,-71.0846,dcockburn3o@slate.com,2020-04-26 03:22:47,Massachusetts,Boston
78.178.187.107/3,68,21.2987,-157.6985,aamoss3p@sfgate.com,2020-12-15 21:18:54,Hawaii,Honolulu
165.212.31.18/29,68,41.7845,-71.3959,asouthcomb3q@ustream.tv,2020-12-02 00:07:28,Rhode Island,Providence
201.216.113.46/19,15,41.2335,-96.1188,bbannister3r@godaddy.com,2020-08-07 07:54:17,Nebraska,Omaha
76.21.135.161/11,54,40.7086,-74.0087,sbachnic3s@auda.org.au,2020-09-08 02:58:11,New York,New York City
203.119.108.8/17,100,41.5878,-87.4062,spellew3t@quantcast.com,2020-04-15 23:04:34,Indiana,Gary
195.70.172.148/30,94,41.6727,-93.5722,hswayton3u@google.com.au,2020-09-15 23:28:48,Iowa,Des Moines
10.73.232.128/12,69,40.7918,-74.2452,sroof3v@senate.gov,2020-12-21 03:21:40,New Jersey,Newark
197.247.34.242/21,18,40.6913,-73.8059,fmaplethorpe3w@photobucket.com,2020-02-07 10:01:39,New York,Jamaica
68.78.44.204/11,49,29.4375,-98.4616,kscourfield3x@hubpages.com,2020-06-03 22:06:54,Texas,San Antonio
162.55.151.89/23,35,42.2868,-71.071,cgasquoine3y@comcast.net,2020-05-12 05:11:45,Massachusetts,Boston
9.159.155.57/29,46,32.8919,-117.2035,sespie3z@mit.edu,2020-07-15 10:23:44,California,San Diego
4.97.76.215/30,64,39.7388,-104.4083,chook40@macromedia.com,2020-10-22 22:59:50,Colorado,Denver
219.208.8.248/11,74,39.1092,-84.6108,kthyng41@myspace.com,2020-03-28 20:42:27,Ohio,Cincinnati
20.140.158.46/12,58,32.3401,-93.6092,rkembley42@foxnews.com,2021-01-16 18:41:43,Louisiana,Shreveport
222.136.176.25/31,87,40.0418,-76.3012,acarneck43@tiny.cc,2020-05-15 20:26:01,Pennsylvania,Lancaster
20.185.237.219/14,71,32.3766,-95.1252,nortells44@phpbb.com,2020-01-19 15:43:34,Texas,Tyler
60.86.85.16/15,27,32.826,-96.7843,fdeverick45@bbb.org,2020-04-17 00:27:24,Texas,Dallas
215.236.17.64/13,11,47.1042,-122.87,coverstall46@whitehouse.gov,2020-09-16 10:35:36,Washington,Olympia
61.247.110.101/23,23,43.0685,-87.9715,tmacphail47@4shared.com,2020-11-15 23:06:50,Wisconsin,Milwaukee
203.128.242.196/2,72,26.6492,-81.6167,aoddie48@altervista.org,2020-08-07 23:19:00,Florida,Lehigh Acres
119.74.54.47/3,52,40.7548,-73.6018,tkingscote49@blogspot.com,2020-06-25 14:14:16,New York,New Hyde Park
40.194.43.132/23,17,40.5927,-111.831,sgoulbourn4a@hp.com,2020-01-25 19:45:19,Utah,Sandy
237.14.23.153/24,100,40.9008,-96.7201,aarnao4b@tumblr.com,2020-06-10 10:54:55,Nebraska,Lincoln
172.34.254.112/5,21,47.4441,-122.3249,dpawlyn4c@rediff.com,2020-03-15 18:18:50,Washington,Seattle
163.7.215.73/18,43,35.2017,-89.9715,vcapron4d@themeforest.net,2020-07-24 20:14:22,Tennessee,Memphis
103.241.214.53/25,38,43.0696,-89.4239,hbrugden4e@livejournal.com,2021-01-15 23:49:41,Wisconsin,Madison
89.185.23.23/3,69,37.1136,-93.2896,akausche4f@google.nl,2020-05-20 08:24:10,Missouri,Springfield
204.154.183.55/17,90,37.2581,-93.3437,bpulford4g@typepad.com,2020-09-05 13:08:00,Missouri,Springfield
118.16.143.174/17,52,37.4376,-79.205,gyourell4h@list-manage.com,2020-11-09 01:45:30,Virginia,Lynchburg
243.134.160.213/21,48,41.5968,-86.293,jlempertz4i@blogger.com,2020-01-15 13:58:39,Indiana,South Bend
214.14.131.43/8,12,61.204,-149.8084,dmaddie4j@cdc.gov,2020-12-22 13:51:06,Alaska,Anchorage
143.117.141.5/6,63,32.2138,-110.824,rschwand4k@yandex.ru,2020-12-30 18:47:17,Arizona,Tucson
248.141.51.206/20,96,42.5992,-84.372,rbafford4l@skype.com,2020-08-27 10:17:32,Michigan,Lansing
217.183.60.97/9,5,27.9139,-82.7157,anaulty4m@w3.org,2020-03-27 09:39:58,Florida,Clearwater
60.110.187.214/9,11,35.216,-102.0714,dcaro4n@odnoklassniki.ru,2020-01-28 19:57:25,Texas,Amarillo
94.198.8.167/10,29,29.7687,-95.3867,khails4o@about.me,2020-04-26 21:28:50,Texas,Houston
86.33.5.252/14,29,27.8402,-82.7125,gkilalea4p@ask.com,2020-02-21 08:56:09,Florida,Pinellas Park
248.114.163.125/23,35,39.7388,-104.4083,lpottell4q@pinterest.com,2020-01-14 23:06:38,Colorado,Denver
11.65.87.193/10,81,30.4481,-87.2589,tmcclifferty4r@php.net,2020-10-07 16:42:06,Florida,Pensacola
154.198.16.178/5,35,42.9559,-87.9933,gtamplin4s@businessinsider.com,2020-06-16 04:55:57,Wisconsin,Milwaukee
52.181.225.25/29,80,35.26,-80.8042,kstretton4t@desdev.cn,2020-06-18 03:13:43,North Carolina,Charlotte
165.148.130.54/24,25,33.2765,-112.1872,mpapaccio4u@desdev.cn,2020-06-21 18:49:05,Arizona,Phoenix
168.243.17.110/31,50,33.7377,-78.9787,nduerdin4v@house.gov,2020-07-25 04:37:54,South Carolina,Myrtle Beach
199.46.171.187/1,98,38.189,-85.6768,fhumblestone4w@ebay.co.uk,2020-09-12 21:20:35,Kentucky,Louisville
225.246.6.94/20,43,39.969,-83.0114,sgannaway4x@squidoo.com,2020-10-04 13:04:00,Ohio,Columbus
177.200.141.153/14,7,30.4061,-87.2917,rdranfield4y@cloudflare.com,2020-05-03 18:51:50,Florida,Pensacola
22.254.92.178/13,87,34.1781,-118.4574,kloudwell4z@auda.org.au,2020-11-15 03:43:39,California,Van Nuys
77.124.206.85/3,71,33.9367,-83.9573,cwilfing50@webs.com,2020-08-12 04:54:22,Georgia,Lawrenceville
185.108.206.94/23,84,36.7464,-119.6397,eestabrook51@cmu.edu,2020-12-09 21:26:50,California,Fresno
33.92.206.204/11,48,40.6324,-74.1172,arizzello52@wix.com,2020-07-06 09:29:10,New York,Staten Island
38.129.190.158/31,65,35.9279,-114.9721,pmawd53@diigo.com,2020-09-14 19:39:08,Nevada,Las Vegas
130.91.24.141/17,83,40.4344,-80.0248,rbuckles54@csmonitor.com,2020-01-23 05:10:55,Pennsylvania,Pittsburgh
94.33.25.80/6,68,39.7673,-86.1606,gconers55@engadget.com,2020-10-25 14:31:26,Indiana,Indianapolis
178.96.66.76/9,75,39.5645,-75.597,grochford56@yale.edu,2020-07-05 05:52:02,Delaware,Newark
28.249.163.252/1,29,36.2383,-95.9931,nhawkwood57@liveinternet.ru,2020-03-27 13:03:46,Oklahoma,Tulsa
124.253.73.121/21,100,36.0512,-78.8577,abrigginshaw58@adobe.com,2020-12-23 18:26:33,North Carolina,Durham
133.120.51.129/4,7,31.5915,-97.0823,jradish59@wisc.edu,2020-11-10 00:26:09,Texas,Waco
150.245.55.236/30,78,33.9677,-84.2438,igusney5a@cyberchimps.com,2020-08-02 19:42:57,Georgia,Norcross
182.14.89.214/17,30,26.5529,-81.9486,gdantoni5b@odnoklassniki.ru,2020-07-31 16:21:43,Florida,Fort Myers
186.248.183.231/12,70,37.9971,-87.575,mhinzer5c@ibm.com,2020-12-04 16:58:14,Indiana,Evansville
211.44.236.229/21,59,37.2327,-79.9463,mjordin5d@google.nl,2020-03-15 19:11:14,Virginia,Roanoke
187.109.152.149/5,42,26.6459,-80.4303,ericcard5e@unblog.fr,2020-04-12 17:41:50,Florida,Delray Beach
115.89.83.25/4,67,30.2166,-97.8508,drozycki5f@smh.com.au,2020-01-15 15:37:03,Texas,Austin
151.120.29.108/21,75,41.6727,-93.5722,esteet5g@latimes.com,2020-10-02 01:16:14,Iowa,Des Moines
89.8.137.242/22,78,35.421,-97.5616,ugirardini5h@goo.ne.jp,2020-03-08 21:25:01,Oklahoma,Oklahoma City
152.184.227.41/12,81,37.7848,-122.7278,cmatussow5i@tripod.com,2020-04-15 16:20:05,California,San Francisco
192.39.37.7/19,23,30.671,-88.1267,gboow5j@usnews.com,2020-12-13 03:26:30,Alabama,Mobile
237.246.146.139/4,81,31.6948,-106.3,cault5k@va.gov,2020-07-03 16:13:29,Texas,El Paso
247.148.159.88/4,15,36.0807,-80.0244,cparamore5l@cdbaby.com,2020-10-02 09:53:19,North Carolina,Greensboro
41.176.218.151/26,40,30.6589,-88.178,tabarrow5m@statcounter.com,2020-04-03 19:18:06,Alabama,Mobile
7.155.113.22/3,21,29.834,-95.4342,bricson5n@studiopress.com,2020-05-19 20:45:35,Texas,Houston
85.200.32.231/26,22,27.881,-82.7619,fpalombi5o@ow.ly,2020-12-12 17:49:46,Florida,Largo
61.171.82.12/6,76,30.1949,-85.6727,bhaversum5p@arizona.edu,2020-11-21 12:12:43,Florida,Panama City
14.178.246.121/24,9,34.006,-80.9708,sainscough5q@ucoz.com,2020-08-23 21:23:23,South Carolina,Columbia
148.93.72.244/24,63,33.6968,-111.8892,sgorman5r@guardian.co.uk,2020-09-29 09:51:09,Arizona,Scottsdale
148.164.3.106/2,30,37.7786,-122.4892,dgiblett5s@youku.com,2020-01-09 04:59:33,California,San Francisco
119.163.194.83/28,76,25.7341,-80.4068,efenton5t@youtube.com,2020-06-13 17:47:30,Florida,Miami
218.203.78.20/3,7,42.1223,-72.4876,bbinnion5u@ihg.com,2020-12-06 08:29:06,Massachusetts,Springfield
46.62.86.53/20,84,30.3264,-97.7713,tvonhelmholtz5v@cnbc.com,2020-03-14 22:10:07,Texas,Austin
29.132.188.165/20,30,39.1802,-84.4204,osoeiro5w@wsj.com,2020-02-05 13:45:49,Ohio,Cincinnati
147.148.40.250/13,95,31.6948,-106.3,sderington5x@google.de,2020-08-04 19:03:28,Texas,El Paso
185.31.125.43/1,61,33.9328,-84.556,badin5y@webeden.co.uk,2020-03-25 10:43:50,Georgia,Marietta
51.18.205.247/8,49,40.7808,-73.9772,rpettet5z@eepurl.com,2020-06-30 19:02:01,New York,New York City
106.69.155.211/14,40,41.0704,-80.6931,nharbert60@mediafire.com,2020-03-03 23:25:17,Ohio,Youngstown
183.168.225.192/13,19,40.7808,-73.9772,kvoice61@phoca.cz,2020-05-10 20:37:42,New York,New York City
96.91.43.232/15,45,40.7259,-111.9394,kfairburne62@zdnet.com,2020-02-01 18:29:08,Utah,Salt Lake City
89.97.144.90/5,58,42.6149,-73.9708,mvettore63@booking.com,2020-05-02 19:40:10,New York,Albany
46.148.99.239/30,9,32.826,-96.7843,cclampin64@utexas.edu,2020-10-18 10:50:55,Texas,Dallas
145.202.51.209/30,91,27.7391,-82.6435,gbauser65@businesswire.com,2020-10-29 16:18:10,Florida,Saint Petersburg
2.27.35.36/21,84,37.7848,-122.7278,cokey66@qq.com,2020-05-16 08:57:10,California,San Francisco
82.214.225.186/1,87,40.1399,-88.1961,pshillabear67@sakura.ne.jp,2020-11-26 00:25:21,Illinois,Champaign
152.231.104.176/23,82,39.8647,-86.0136,ccazalet68@hexun.com,2020-02-16 04:52:08,Indiana,Indianapolis
228.83.28.235/17,50,30.3704,-81.5864,cperin69@pagesperso-orange.fr,2020-08-14 12:11:02,Florida,Jacksonville
41.12.70.61/5,100,39.2025,-119.7526,lfright6a@cnn.com,2020-11-29 02:07:55,Nevada,Carson City
25.197.212.122/5,38,39.2933,-76.6238,meke6b@mail.ru,2020-07-15 22:14:02,Maryland,Baltimore
210.228.244.248/26,63,33.6993,-81.6465,alotte6c@about.me,2020-03-03 11:29:39,South Carolina,Aiken
74.195.226.165/22,38,33.2765,-112.1872,gmacquist6d@ycombinator.com,2020-10-31 09:53:47,Arizona,Phoenix
94.231.163.115/24,61,38.5309,-92.2493,shallihan6e@oakley.com,2021-01-15 17:45:37,Missouri,Jefferson City
188.215.220.88/13,22,37.2742,-79.9579,bbridgnell6f@liveinternet.ru,2020-02-18 17:38:54,Virginia,Roanoke
188.156.111.168/24,7,32.9522,-96.6654,whospital6g@theglobeandmail.com,2020-02-27 13:41:37,Texas,Garland
231.45.159.69/18,10,33.413,-82.1337,cjudkin6h@columbia.edu,2020-05-03 16:27:24,Georgia,Augusta
175.176.101.149/11,66,33.5446,-86.9292,ldabel6i@dropbox.com,2020-08-20 13:55:15,Alabama,Birmingham
137.215.37.173/2,90,34.1069,-117.2975,gkener6j@t-online.de,2020-12-13 06:48:51,California,San Bernardino
85.186.157.46/10,97,30.6568,-97.6026,schadburn6k@newyorker.com,2020-05-07 07:59:07,Texas,Round Rock
13.217.141.110/7,68,29.7629,-95.3629,jfowlston6l@ed.gov,2020-02-08 17:02:12,Texas,Houston
7.248.162.218/13,81,41.1039,-80.6436,lpatey6m@ox.ac.uk,2021-01-27 12:36:22,Ohio,Youngstown
172.163.27.53/18,65,33.817,-117.9286,jdesvignes6n@google.com,2020-02-11 12:56:24,California,Anaheim
237.249.34.50/28,40,39.0966,-94.7495,amilbourne6o@issuu.com,2020-09-07 12:48:40,Kansas,Kansas City
204.219.246.30/5,51,40.177,-111.536,bturneaux6p@homestead.com,2020-04-09 11:25:57,Utah,Provo
23.128.230.115/21,46,29.6518,-95.4854,mharroway6q@comcast.net,2020-08-26 02:11:04,Texas,Houston
17.235.191.41/19,72,40.4344,-80.0248,ssommer6r@so-net.ne.jp,2020-09-28 00:13:33,Pennsylvania,Pittsburgh
156.201.142.169/5,61,38.8933,-77.0146,cjobke6s@wordpress.org,2020-07-06 12:56:10,District of Columbia,Washington
145.3.215.82/13,73,61.1901,-149.9361,gmarke6t@cafepress.com,2021-01-12 23:39:06,Alaska,Anchorage
37.184.42.74/6,29,41.8119,-87.6873,gcolthurst6u@wikispaces.com,2020-02-01 03:06:45,Illinois,Chicago
188.102.53.127/27,53,33.9335,-84.3958,mavrahamy6v@163.com,2020-10-07 12:35:13,Georgia,Atlanta
44.24.71.247/28,16,33.8359,-117.9086,jleverentz6w@shareasale.com,2020-07-25 00:20:51,California,Anaheim
79.107.73.56/9,100,43.0174,-87.5697,lferber6x@nymag.com,2020-03-02 21:28:00,Wisconsin,Milwaukee
43.240.171.73/15,93,29.1565,-82.2095,phallahan6y@java.com,2020-09-11 21:45:03,Florida,Ocala
31.59.201.80/21,31,27.777,-97.4632,bposselwhite6z@archive.org,2020-07-30 20:14:26,Texas,Corpus Christi
174.9.168.122/13,88,43.1154,-88.0346,lmeadway70@usda.gov,2020-03-11 23:16:20,Wisconsin,Milwaukee
232.88.69.86/3,25,32.6076,-93.7526,burling71@blogspot.com,2020-03-31 12:49:38,Louisiana,Shreveport
219.97.79.213/11,21,33.1903,-97.1282,apeekevout72@histats.com,2020-10-22 07:20:45,Texas,Denton
239.16.142.191/15,83,40.7543,-73.9798,ssore73@google.cn,2020-08-26 10:12:54,New York,New York City
18.217.110.39/13,88,35.5514,-97.4075,jsexty74@usatoday.com,2020-10-09 22:14:21,Oklahoma,Oklahoma City
48.21.243.139/9,94,35.2502,-94.3703,hshipston75@cmu.edu,2020-10-07 12:59:06,Arkansas,Fort Smith
225.205.143.169/8,69,30.1949,-85.6727,lgatesman76@plala.or.jp,2021-01-01 07:00:04,Florida,Panama City
186.131.114.122/15,33,33.9677,-84.2438,rwitten77@biblegateway.com,2020-08-15 15:48:16,Georgia,Norcross
94.188.38.134/5,54,38.2467,-85.6853,kredrup78@netscape.com,2020-03-14 15:45:10,Kentucky,Louisville
102.73.15.183/11,5,38.2222,-85.6885,wmaylard79@blinklist.com,2020-07-24 07:35:37,Kentucky,Louisville
6.57.77.87/14,58,33.0169,-116.846,tkeneleyside7a@mapy.cz,2020-05-07 19:47:05,California,San Diego
227.148.66.161/14,82,38.3358,-81.6123,mbrundill7b@cbsnews.com,2020-09-19 10:00:45,West Virginia,Charleston
36.9.132.53/5,84,37.7848,-122.7278,fhaverty7c@hatena.ne.jp,2020-02-27 18:16:30,California,San Francisco
221.220.244.63/15,10,45.0803,-93.0875,mmcsherry7d@discuz.net,2020-08-15 04:47:25,Minnesota,Saint Paul
168.83.66.114/22,47,44.2425,-88.3564,mdurno7e@reference.com,2020-04-15 05:11:16,Wisconsin,Appleton
3.88.131.178/8,33,41.6727,-93.5722,mgledstane7f@gmpg.org,2020-12-04 18:34:53,Iowa,Des Moines
245.76.233.81/20,37,40.7911,-81.4169,cgodfray7g@squarespace.com,2020-08-07 22:16:20,Ohio,Canton
119.116.243.151/8,48,45.0059,-93.1059,sreasce7h@dailymail.co.uk,2020-03-11 12:56:53,Minnesota,Saint Paul
17.32.138.124/30,97,31.9386,-106.4073,bfleming7i@cargocollective.com,2021-01-11 17:58:08,Texas,El Paso
249.102.250.54/16,18,33.6299,-112.1316,dtimny7j@mit.edu,2020-10-23 11:18:59,Arizona,Phoenix
133.125.150.97/16,16,31.7705,-106.5048,rsalmen7k@unc.edu,2020-02-07 22:47:17,Texas,El Paso
26.2.153.135/30,27,25.6615,-80.441,gpitford7l@soundcloud.com,2020-08-04 22:48:16,Florida,Miami
130.134.229.81/1,76,41.0114,-74.3048,cfindlow7m@blog.com,2020-09-27 06:42:04,New Jersey,Paterson
58.147.148.3/7,30,36.7464,-119.6397,mwigfield7n@ycombinator.com,2020-12-29 12:59:59,California,Fresno
87.235.254.37/18,100,35.2017,-89.9715,mtarzey7o@de.vu,2020-03-18 22:41:24,Tennessee,Memphis
88.233.218.68/23,12,39.5207,-77.9162,jwoodhead7p@chronoengine.com,2020-06-25 06:43:13,Maryland,Hagerstown
157.191.172.249/18,72,38.5816,-121.4933,mlivett7q@live.com,2020-12-14 22:43:14,California,Sacramento
143.164.128.129/12,79,43.4599,-116.244,gplanke7r@loc.gov,2020-08-20 12:46:36,Idaho,Boise
17.158.17.244/1,40,38.8893,-75.8612,iskyrm7s@accuweather.com,2020-01-29 12:35:35,Maryland,Ridgely
208.208.148.158/11,99,32.4968,-92.0756,kchaffey7t@irs.gov,2020-04-28 11:43:28,Louisiana,Monroe
208.128.232.44/30,75,21.3068,-157.8607,vhughesdon7u@foxnews.com,2021-01-17 18:07:41,Hawaii,Honolulu
171.142.72.85/4,41,39.9788,-75.1262,kgoodram7v@cnn.com,2020-03-04 10:25:36,Pennsylvania,Philadelphia
252.200.76.79/24,98,38.8952,-77.0365,ttoon7w@opera.com,2020-11-13 11:59:13,District of Columbia,Washington
92.142.112.248/24,33,38.9007,-77.0431,kmcmenemy7x@forbes.com,2020-07-19 06:19:19,District of Columbia,Washington
231.153.64.177/29,75,36.7464,-119.6397,podevey7y@who.int,2020-02-21 07:41:59,California,Fresno
45.158.230.124/30,66,35.26,-80.8042,rwrassell7z@printfriendly.com,2020-10-17 22:12:15,North Carolina,Charlotte
119.95.119.41/1,50,38.3774,-121.4444,lfrancillo80@nature.com,2020-07-01 08:05:48,California,Sacramento
143.157.167.155/1,57,40.8469,-73.7874,gsteuhlmeyer81@cisco.com,2020-11-30 17:28:28,New York,Bronx
192.191.24.125/11,9,47.1591,-122.5485,dlicence82@paypal.com,2020-02-22 17:23:50,Washington,Lakewood
54.145.81.192/22,47,43.0314,-85.5503,ndenkin83@digg.com,2020-10-23 02:58:20,Michigan,Grand Rapids
212.126.254.47/11,25,46.9346,-97.2297,lmarchington84@vkontakte.ru,2020-06-08 19:11:05,North Dakota,Fargo
105.22.111.151/26,41,40.0018,-75.1179,fsilcocks85@nih.gov,2020-10-22 05:43:59,Pennsylvania,Philadelphia
219.244.55.95/12,74,35.0425,-90.0732,tmullenger86@moonfruit.com,2020-11-14 18:40:18,Tennessee,Memphis
41.17.41.42/1,82,37.2742,-79.9579,bdawidowitz87@prlog.org,2020-09-29 02:25:26,Virginia,Roanoke
49.3.44.117/10,4,33.8193,-118.2325,cnewis88@sciencedaily.com,2020-02-26 14:42:16,California,Long Beach
71.53.21.65/18,24,36.1824,-79.806,lstrick89@china.com.cn,2020-09-25 15:05:38,North Carolina,Greensboro
188.221.47.74/28,64,39.1668,-84.5382,jtaylder8a@economist.com,2020-11-27 04:40:54,Ohio,Cincinnati
134.27.147.162/11,64,40.7548,-73.6018,sfowler8b@networkadvertising.org,2020-08-11 05:05:13,New York,Hicksville
26.216.246.33/9,70,35.4242,-97.6547,fpic8c@booking.com,2020-11-10 16:01:09,Oklahoma,Oklahoma City
179.170.62.19/5,21,34.8272,-92.2847,cdruett8d@tumblr.com,2020-04-30 05:03:36,Arkansas,North Little Rock
112.182.157.8/10,77,30.6143,-87.2758,nkhristoforov8e@prnewswire.com,2020-09-11 16:38:19,Florida,Pensacola
19.237.23.80/21,49,47.116,-114.0498,sfever8f@state.gov,2020-02-03 10:40:31,Montana,Missoula
135.5.43.65/10,94,28.4522,-81.4678,ikobu8g@altervista.org,2020-03-05 10:40:58,Florida,Orlando
107.220.203.229/4,15,39.8285,-84.2024,sroizn8h@cnn.com,2021-01-26 22:55:03,Ohio,Dayton
96.84.192.156/7,88,30.0071,-90.1094,eminchi8i@npr.org,2020-07-07 21:21:21,Louisiana,New Orleans
143.188.183.227/8,37,31.1721,-89.2948,yheathcote8j@si.edu,2020-11-28 16:22:11,Mississippi,Hattiesburg
58.211.226.33/30,52,29.5054,-98.6688,kburdus8k@hatena.ne.jp,2020-01-13 23:36:57,Texas,San Antonio
188.135.170.91/11,18,32.491,-84.8741,efancourt8l@1688.com,2020-06-20 04:33:09,Georgia,Columbus
56.70.64.9/21,71,38.8836,-77.1395,gibanez8m@gnu.org,2020-01-03 06:06:37,Virginia,Arlington
143.252.149.12/2,49,43.6746,-96.7913,lmeriel8n@ft.com,2020-03-28 15:09:38,South Dakota,Sioux Falls
62.5.54.76/16,41,32.4401,-88.6783,smacelholm8o@hexun.com,2020-11-25 03:16:24,Mississippi,Meridian
31.247.181.114/25,100,39.6888,-105.156,pbethell8p@diigo.com,2021-01-02 03:40:38,Colorado,Denver
144.239.125.239/14,20,37.3589,-79.9448,wfoystone8q@tamu.edu,2020-08-03 00:12:38,Virginia,Roanoke
173.81.143.219/1,68,26.6599,-81.8934,aohartnett8r@howstuffworks.com,2020-04-27 02:35:31,Florida,Cape Coral
202.242.70.251/10,90,33.7843,-118.1157,sredsall8s@comsenz.com,2020-02-18 13:29:35,California,Long Beach
90.38.134.27/9,55,33.8444,-84.474,raspel8t@quantcast.com,2021-01-29 22:07:22,Georgia,Atlanta
45.44.152.179/4,43,42.3823,-71.0323,mkuschel8u@state.tx.us,2020-07-24 23:59:54,Massachusetts,Boston
134.110.128.134/14,82,42.2922,-85.633,jtrett8v@1und1.de,2020-09-23 12:57:08,Michigan,Kalamazoo
184.109.49.193/12,24,41.0938,-85.0707,mpantry8w@gov.uk,2020-12-16 08:49:28,Indiana,Fort Wayne
176.34.42.241/14,69,39.9379,-75.1794,djerrome8x@ebay.com,2020-01-28 13:13:49,Pennsylvania,Philadelphia
2.211.68.55/24,61,41.2933,-95.9361,emarusik8y@uiuc.edu,2020-02-06 01:56:44,Nebraska,Omaha
248.124.216.217/19,71,40.7548,-73.6018,mmyles8z@csmonitor.com,2020-09-03 06:38:22,New York,Hicksville
149.107.15.243/19,39,37.9651,-84.4708,whalden90@toplist.cz,2020-12-14 12:50:28,Kentucky,Lexington
79.243.27.7/21,48,26.4116,-80.0928,skilday91@tmall.com,2020-08-06 17:40:30,Florida,Boca Raton
226.23.76.210/13,72,43.0746,-88.0604,efish92@twitter.com,2020-10-24 02:27:35,Wisconsin,Milwaukee
223.143.42.51/27,92,40.7911,-81.4169,kferencz93@plala.or.jp,2021-01-28 23:30:50,Ohio,Canton
156.145.56.100/23,89,45.5137,-122.5569,brousell94@photobucket.com,2020-04-23 14:26:39,Oregon,Portland
214.71.77.189/2,2,37.5242,-77.4932,dtschirasche95@myspace.com,2020-08-26 04:14:09,Virginia,Richmond
95.31.177.196/16,58,38.8518,-94.3944,cwailes96@jigsy.com,2020-07-08 09:08:49,Missouri,Lees Summit
220.118.155.224/31,9,45.0159,-93.4719,rbruggeman97@rambler.ru,2020-10-19 07:54:37,Minnesota,Minneapolis
64.197.19.247/22,33,41.0247,-73.7781,bsaenz98@wisc.edu,2020-12-11 17:51:47,New York,White Plains
183.200.56.81/16,41,38.8933,-77.0146,oavraam99@theatlantic.com,2020-04-06 04:56:38,District of Columbia,Washington
113.232.180.234/18,10,31.6948,-106.3,msodeau9a@jugem.jp,2020-03-05 20:48:29,Texas,El Paso
147.109.242.253/21,61,29.6813,-82.3539,pkerwen9b@moonfruit.com,2020-05-29 22:36:57,Florida,Gainesville
160.176.136.83/5,8,25.6364,-80.3187,ctrahar9c@tuttocitta.it,2020-02-21 01:51:46,Florida,Miami
76.175.235.24/4,29,33.9352,-85.9576,acharlon9d@washingtonpost.com,2020-10-01 08:16:18,Alabama,Gadsden
193.114.5.170/16,35,35.7667,-78.6008,bworshall9e@stanford.edu,2020-04-15 21:31:54,North Carolina,Raleigh
180.183.85.195/10,27,41.6255,-93.6736,fthurstan9f@qq.com,2020-11-11 12:49:52,Iowa,Des Moines
33.156.222.45/16,68,33.7866,-118.2987,gjaynes9g@etsy.com,2020-03-02 01:02:08,California,Los Angeles
164.16.44.17/17,34,37.2742,-79.9579,tmountstephen9h@tmall.com,2020-05-31 01:14:50,Virginia,Roanoke
34.48.172.218/3,34,25.9098,-80.3889,srevie9i@deviantart.com,2020-01-08 16:28:09,Florida,Hialeah
192.84.182.162/26,30,44.0185,-123.0998,tduckit9j@newsvine.com,2020-11-19 19:39:21,Oregon,Eugene
252.5.65.7/27,46,28.5289,-81.4787,scalkin9k@wordpress.org,2020-11-28 18:48:48,Florida,Orlando
5.125.126.217/30,51,42.3389,-70.9196,tsatterthwaite9l@mediafire.com,2020-04-07 09:51:42,Massachusetts,Boston
25.42.129.136/13,14,21.2987,-157.6985,kknellen9m@shareasale.com,2020-02-02 07:05:30,Hawaii,Honolulu
208.123.106.46/21,73,43.1577,-77.608,sstichel9n@foxnews.com,2020-01-26 14:59:03,New York,Rochester
212.237.76.21/31,10,39.9523,-83.078,kcrossman9o@shinystat.com,2020-04-30 23:55:57,Ohio,Columbus
115.31.202.40/12,67,41.8397,-88.0887,rlitt9p@cnn.com,2021-01-02 08:33:04,Illinois,Naperville
143.155.235.121/20,60,29.6701,-98.6873,ymclanachan9q@usatoday.com,2020-07-30 17:07:11,Texas,San Antonio
158.175.113.40/17,78,30.2166,-97.8508,bcovolini9r@icio.us,2020-01-13 07:20:14,Texas,Austin
205.136.201.77/30,36,38.189,-85.6768,xtigner9s@photobucket.com,2020-07-01 20:18:58,Kentucky,Louisville
80.27.203.227/25,41,40.4598,-79.8224,rstrelitzki9t@naver.com,2020-04-22 18:04:51,Pennsylvania,Pittsburgh
196.222.141.230/28,9,43.0174,-87.5697,mfarbrother9u@opensource.org,2020-08-27 07:18:22,Wisconsin,Milwaukee
181.46.110.51/22,25,40.177,-111.536,bbreckwell9v@scientificamerican.com,2020-12-21 12:14:45,Utah,Provo
119.204.24.183/21,62,30.4158,-89.0684,rtuffey9w@php.net,2020-07-06 23:40:09,Mississippi,Gulfport
125.111.42.191/17,28,35.0583,-79.008,jkorbmaker9x@blogspot.com,2020-02-14 21:53:44,North Carolina,Fayetteville
29.61.80.123/29,24,40.4598,-79.8224,ssemmens9y@abc.net.au,2020-11-22 05:33:24,Pennsylvania,Pittsburgh
177.131.115.183/30,44,40.9897,-80.3084,jdurant9z@accuweather.com,2020-02-09 22:28:56,Pennsylvania,New Castle
144.8.216.226/9,41,35.0443,-106.6729,wchaldera0@japanpost.jp,2020-04-26 02:47:59,New Mexico,Albuquerque
187.51.147.210/12,54,33.9443,-83.3891,adevenisha1@smh.com.au,2020-06-02 12:39:50,Georgia,Athens
183.85.213.160/20,16,43.012,-85.6309,kofena2@symantec.com,2020-06-07 10:21:47,Michigan,Grand Rapids
187.244.34.86/29,16,43.6746,-96.7913,fclemencona3@pen.io,2020-08-02 13:19:11,South Dakota,Sioux Falls
47.48.137.138/27,86,41.2955,-96.1008,atretheweya4@zdnet.com,2020-09-17 03:35:34,Nebraska,Omaha
248.20.168.62/23,88,29.8678,-95.8298,ebrightya5@photobucket.com,2020-02-09 18:01:08,Texas,Katy
165.124.94.174/18,55,41.028,-81.4632,lfreena6@alibaba.com,2020-07-29 02:50:45,Ohio,Akron
83.90.152.112/29,77,31.3902,-97.7993,aiacovoloa7@flickr.com,2020-01-26 11:38:05,Texas,Gatesville
61.86.105.37/19,87,39.5645,-75.597,acluttena8@google.com,2020-12-13 00:53:44,Delaware,Newark
229.44.200.184/2,50,39.854,-88.9815,lborama9@xinhuanet.com,2020-07-21 05:37:28,Illinois,Decatur
51.139.30.169/1,20,39.7002,-105.0028,mkirkbyaa@webeden.co.uk,2020-02-08 03:41:47,Colorado,Denver
251.2.206.211/6,2,32.7887,-96.7676,crosenbushab@tinyurl.com,2020-09-06 06:30:46,Texas,Dallas
124.100.137.129/8,99,42.0999,-72.5783,sikinsac@fda.gov,2020-08-29 07:48:43,Massachusetts,Springfield
237.43.175.165/1,79,40.6913,-73.8059,pkattenhornad@barnesandnoble.com,2020-08-02 08:27:37,New York,Jamaica
44.2.20.57/6,72,29.8941,-95.6481,hsherwellae@tinypic.com,2020-04-23 08:33:11,Texas,Houston
233.248.201.151/14,46,39.2856,-76.6899,nwalbrookaf@scientificamerican.com,2020-03-08 04:18:33,Maryland,Baltimore
244.188.208.152/3,87,35.26,-80.8042,gsteeplesag@oaic.gov.au,2020-09-05 09:20:56,North Carolina,Charlotte
187.6.75.141/12,5,39.1042,-94.4923,mjevonsah@ycombinator.com,2020-11-02 04:10:21,Missouri,Kansas City
34.35.209.227/10,76,32.7673,-96.7776,cleveretteai@wp.com,2020-07-13 06:09:37,Texas,Dallas
15.182.65.42/19,99,34.1669,-118.1551,nmcilhaggaaj@a8.net,2020-02-20 15:07:13,California,Pasadena
52.61.129.65/29,8,30.2407,-81.893,gstorckeak@php.net,2020-10-02 17:45:21,Florida,Jacksonville
244.142.175.218/26,49,39.3093,-76.6699,twelbournal@utexas.edu,2020-02-19 06:34:10,Maryland,Baltimore
44.199.201.85/3,50,47.4441,-122.3249,myoodallam@weather.com,2020-06-08 05:26:36,Washington,Seattle
138.193.189.53/26,8,37.7848,-122.7278,csnowdenan@addtoany.com,2020-04-09 02:58:19,California,San Francisco
44.149.98.71/15,31,44.9364,-123.0381,kbaughamao@mozilla.com,2020-04-17 08:23:29,Oregon,Salem
150.195.189.251/26,32,34.8185,-112.9584,rdellenbrokerap@illinois.edu,2020-05-01 07:40:39,Arizona,Prescott
130.190.101.85/25,18,38.9621,-94.5959,nbelloaq@goo.ne.jp,2020-02-01 19:28:41,Missouri,Kansas City
60.239.21.206/26,3,43.0631,-89.3133,alabetar@hhs.gov,2020-06-23 19:12:26,Wisconsin,Madison
246.21.39.198/3,75,39.7388,-104.4083,igeorgiusas@tamu.edu,2020-11-22 14:38:58,Colorado,Denver
160.147.36.232/19,77,40.0495,-83.0669,mbrittoat@constantcontact.com,2020-05-23 22:15:45,Ohio,Columbus
197.48.48.189/24,33,31.6948,-106.3,asiretau@archive.org,2020-10-14 19:15:56,Texas,El Paso
156.69.220.31/24,22,36.7957,-76.0126,lnockav@google.com.au,2021-01-15 01:33:30,Virginia,Virginia Beach
186.21.3.84/10,38,26.1219,-80.1436,tlinskeyaw@ucla.edu,2020-06-11 05:05:26,Florida,Fort Lauderdale
10.157.230.36/3,7,38.0702,-84.591,xfitzsymonsax@rakuten.co.jp,2020-02-24 10:45:00,Kentucky,Lexington
156.155.114.23/28,64,45.5287,-122.6363,lwiggamay@rediff.com,2020-11-12 21:55:31,Oregon,Portland
33.85.100.98/30,30,39.849,-86.272,baimericaz@pen.io,2020-12-21 13:12:54,Indiana,Indianapolis
88.99.100.241/20,71,27.4841,-82.5834,lgarnsworthb0@ebay.co.uk,2020-11-29 02:58:37,Florida,Bradenton
43.18.50.48/22,36,32.7673,-96.7776,mfarrowb1@deliciousdays.com,2020-01-10 01:07:39,Texas,Dallas
71.174.49.105/23,68,35.4259,-97.5261,bbozworthb2@sbwire.com,2020-09-11 00:11:02,Oklahoma,Oklahoma City
186.33.114.99/27,75,36.9216,-76.0171,kskellyb3@chronoengine.com,2020-03-05 20:03:26,Virginia,Virginia Beach
48.86.229.44/14,40,42.7684,-78.8871,hhatzb4@studiopress.com,2020-09-19 19:12:14,New York,Buffalo
81.35.58.26/17,40,47.8599,-122.2848,cgaunterb5@friendfeed.com,2020-05-28 13:04:41,Washington,Everett
147.41.30.177/22,16,39.9473,-75.15,nembyb6@a8.net,2020-10-26 20:36:07,Pennsylvania,Philadelphia
69.225.154.95/28,41,36.086,-115.1471,plidsterb7@ted.com,2020-02-27 16:38:20,Nevada,Las Vegas
130.13.7.52/23,18,30.2345,-85.692,thammantb8@sitemeter.com,2020-05-14 04:35:01,Florida,Panama City
98.238.43.83/26,24,39.0853,-77.6452,rinoldb9@imageshack.us,2020-02-08 22:08:22,Virginia,Sterling
69.39.77.48/26,54,37.1894,-121.7053,sbarszczewskiba@mashable.com,2020-09-11 02:19:40,California,Palo Alto
14.217.15.225/29,27,39.7155,-84.1637,mmishawbb@china.com.cn,2020-01-14 13:15:15,Ohio,Dayton
242.215.111.56/18,24,39.5207,-77.9162,elinkbc@samsung.com,2021-01-16 09:34:14,Maryland,Hagerstown
92.63.37.45/13,70,33.7358,-85.7933,hveltenbd@prweb.com,2020-08-25 09:39:59,Alabama,Anniston
237.8.199.179/28,71,30.0071,-90.1094,jisgatebe@webnode.com,2020-08-10 07:45:45,Louisiana,New Orleans
26.213.120.25/5,40,45.8016,-122.5203,afrangletonbf@google.com.hk,2020-09-07 15:48:46,Washington,Vancouver
244.96.91.36/3,82,37.9971,-87.575,mlawillebg@bravesites.com,2020-04-30 09:00:28,Indiana,Evansville
6.22.201.64/13,53,45.5078,-122.6897,rberneybh@privacy.gov.au,2020-08-04 21:07:05,Oregon,Portland
116.58.5.153/21,65,45.5806,-122.3748,mcockittbi@discovery.com,2020-08-02 20:20:55,Oregon,Portland
124.237.133.179/7,24,38.6149,-90.1275,cyarhambj@opensource.org,2021-01-04 02:21:24,Illinois,East Saint Louis
92.70.96.186/12,5,35.6004,-82.4918,hickowicsbk@irs.gov,2020-12-24 13:26:24,North Carolina,Asheville
78.186.228.207/7,79,33.7074,-117.8403,asturrorbl@about.me,2020-12-07 11:46:13,California,Irvine
94.63.219.225/12,53,38.8606,-94.4636,lapplebm@squidoo.com,2021-01-22 12:42:04,Missouri,Kansas City
20.90.157.171/30,17,35.1255,-90.0424,agrzeszczakbn@google.it,2020-02-11 03:25:00,Tennessee,Memphis
240.250.146.152/2,68,35.2072,-80.9568,hhugninbo@rakuten.co.jp,2020-08-25 09:41:29,North Carolina,Charlotte
217.248.193.217/31,1,40.7442,-89.7184,dshortlandbp@patch.com,2020-06-26 15:05:16,Illinois,Peoria
43.12.153.36/19,93,40.6324,-74.1172,mbatesonbq@macromedia.com,2020-12-11 05:56:19,New York,Staten Island
243.127.79.194/31,37,34.8185,-112.9584,masalsbr@sourceforge.net,2020-05-20 16:33:20,Arizona,Prescott
186.229.143.58/21,57,32.6076,-93.7526,amishowbs@about.com,2020-08-16 17:08:29,Louisiana,Shreveport
30.241.174.194/20,83,32.7714,-97.2915,twarhambt@admin.ch,2020-07-16 07:05:27,Texas,Arlington
63.182.160.20/10,5,41.776,-87.6674,kjedrzejbu@rambler.ru,2020-02-01 01:16:17,Illinois,Chicago
201.198.61.85/23,34,41.786,-72.6758,tbutterisbv@google.co.jp,2020-09-13 13:54:32,Connecticut,Hartford
31.19.163.146/24,35,33.7866,-118.2987,cduffettbw@dot.gov,2020-02-06 00:16:50,California,Los Angeles
2.126.249.29/2,57,39.7495,-89.606,gmanuelibx@wp.com,2020-07-27 08:29:15,Illinois,Springfield
211.204.49.75/27,3,39.7388,-104.4083,efarhertyby@pcworld.com,2020-11-07 14:34:35,Colorado,Littleton
178.158.9.98/25,2,37.3589,-79.9448,alawtonbz@mapy.cz,2020-09-19 12:21:14,Virginia,Roanoke
138.121.103.219/15,41,39.1668,-84.5382,aseivertsenc0@studiopress.com,2020-03-04 12:53:04,Ohio,Cincinnati
128.201.4.196/11,61,26.2416,-81.8071,vscortonc1@washingtonpost.com,2020-07-26 08:55:33,Florida,Naples
129.95.133.88/10,77,31.6948,-106.3,ekamallc2@about.me,2020-04-12 19:22:42,Texas,El Paso
177.109.18.237/2,1,26.6492,-81.6167,djuggingsc3@netlog.com,2020-12-29 20:25:10,Florida,Lehigh Acres
40.220.164.38/13,38,40.6914,-73.8061,cmayceyc4@ox.ac.uk,2020-06-16 20:06:16,New York,Jamaica
205.176.89.215/17,70,37.2742,-79.9579,msmorfitc5@bandcamp.com,2020-07-19 22:25:57,Virginia,Roanoke
140.100.199.254/8,69,41.119,-73.733,ldewickec6@gnu.org,2020-02-08 04:10:30,New York,Mount Vernon
7.135.223.158/29,66,40.7808,-73.9772,sposkittc7@ox.ac.uk,2020-04-05 04:40:50,New York,New York City
176.29.157.87/30,84,38.0401,-78.4851,cgisbournc8@wikia.com,2020-03-26 12:25:02,Virginia,Charlottesville
75.10.22.78/11,5,31.7674,-106.4304,rburganec9@networkadvertising.org,2020-10-06 06:40:03,Texas,El Paso
82.94.14.108/12,8,38.2968,-81.5547,cdevriesca@infoseek.co.jp,2020-02-04 17:14:08,West Virginia,Charleston
132.204.85.248/17,65,41.3057,-72.7799,egrinaughcb@cloudflare.com,2020-07-18 04:14:02,Connecticut,New Haven
78.216.112.192/29,5,32.5547,-94.7767,ptutingcc@moonfruit.com,2020-08-07 10:18:51,Texas,Longview
122.138.138.56/14,85,39.9186,-75.1078,mkinnardcd@mtv.com,2020-05-14 08:12:40,New Jersey,Camden
217.201.118.126/25,20,42.6149,-73.9708,kdransfieldce@fotki.com,2020-08-22 09:49:04,New York,Albany
173.83.184.134/26,61,35.4015,-101.8951,jbonomecf@blogspot.com,2020-06-03 02:10:47,Texas,Amarillo
110.165.202.36/25,6,39.2829,-94.409,alorinezcg@deviantart.com,2020-11-25 02:59:43,Missouri,Kansas City
182.213.114.169/20,21,39.0429,-95.7697,yquiddihych@ning.com,2020-01-09 05:03:51,Kansas,Topeka
116.30.181.169/23,7,34.0447,-118.4487,devesqueci@cyberchimps.com,2020-06-12 04:54:28,California,Los Angeles
43.211.99.235/28,61,42.4617,-83.4053,jhandleycj@walmart.com,2021-01-23 09:39:05,Michigan,Farmington
54.183.17.233/14,74,39.9106,-83.7856,maronowiczck@howstuffworks.com,2020-01-03 10:04:03,Ohio,Springfield
231.177.57.112/15,41,37.7509,-122.4153,bricksoncl@accuweather.com,2020-06-11 00:17:48,California,San Francisco
191.32.13.49/8,55,32.7673,-96.7776,vcastlescm@topsy.com,2020-10-23 16:47:36,Texas,Dallas
174.122.188.171/24,6,37.3894,-121.8868,bwedderburncn@baidu.com,2021-01-12 09:26:00,California,San Jose
80.210.135.178/21,100,40.4344,-80.0248,skelcherco@histats.com,2020-04-07 13:57:24,Pennsylvania,Pittsburgh
168.241.16.44/31,81,33.5446,-86.9292,kskulecp@fastcompany.com,2020-11-01 00:44:38,Alabama,Birmingham
49.244.126.188/7,57,37.5313,-77.4161,gpockeycq@stumbleupon.com,2020-10-23 10:18:26,Virginia,Richmond
118.106.89.15/29,59,39.0763,-77.1234,ofrayncr@cdbaby.com,2020-03-19 19:26:23,Maryland,Rockville
100.38.244.76/21,27,35.8596,-86.421,ahousemancs@princeton.edu,2020-11-02 03:37:43,Tennessee,Murfreesboro
84.163.141.78/17,88,30.033,-89.8826,ntrusdalect@usnews.com,2020-10-30 00:18:51,Louisiana,New Orleans
133.31.206.198/22,48,46.9346,-97.2297,gridgewellcu@webeden.co.uk,2020-06-19 23:17:30,North Dakota,Fargo
198.127.244.187/16,50,38.8981,-77.0401,sovizecv@woothemes.com,2020-02-16 17:42:37,District of Columbia,Washington
227.144.76.88/6,100,40.0185,-76.2976,ngreggorcw@kickstarter.com,2020-04-30 16:20:57,Pennsylvania,Lancaster
141.253.211.206/11,38,36.7464,-119.6397,gtaitcx@bigcartel.com,2020-04-21 10:01:32,California,Fresno
48.121.178.206/5,56,35.9279,-114.9721,kyushkincy@hibu.com,2020-09-19 16:19:47,Nevada,Las Vegas
65.55.61.13/7,92,42.1223,-72.4876,egabecz@archive.org,2020-03-14 17:00:40,Massachusetts,Springfield
29.28.215.138/28,26,36.7464,-119.6397,vsacksd0@dailymail.co.uk,2020-03-29 23:35:47,California,Fresno
127.239.192.240/1,91,29.6813,-82.3539,aaizkovitchd1@google.it,2020-10-30 04:10:40,Florida,Gainesville
88.253.242.81/8,69,41.9453,-87.7474,gmaureend2@yahoo.co.jp,2020-09-25 05:26:21,Illinois,Chicago
20.13.162.242/26,31,40.4344,-80.0248,mmallochd3@webeden.co.uk,2020-09-04 10:16:53,Pennsylvania,Pittsburgh
48.16.71.23/24,46,45.5806,-122.3748,rtousond4@oakley.com,2020-04-25 21:57:42,Oregon,Portland
162.213.161.16/7,53,39.9523,-83.078,wchattockd5@w3.org,2020-12-24 22:35:49,Ohio,Columbus
234.30.210.168/10,66,31.4647,-100.39,dsharped6@issuu.com,2020-02-08 06:31:11,Texas,San Angelo
192.95.138.134/18,44,44.9762,-93.2759,cbuckthorpd7@reverbnation.com,2020-03-17 14:48:07,Minnesota,Minneapolis
16.54.76.59/17,94,37.7848,-122.7278,mcoweyd8@ibm.com,2020-10-27 21:21:35,California,San Francisco
164.199.101.178/7,8,38.8933,-77.0146,nmcdougald9@blog.com,2021-01-01 09:02:46,District of Columbia,Washington
145.125.197.134/22,55,42.2535,-83.8366,bstudeartda@163.com,2020-08-17 02:50:42,Michigan,Ann Arbor
25.23.31.187/11,61,33.5291,-112.2482,vbyfielddb@ocn.ne.jp,2020-05-03 10:01:25,Arizona,Glendale
42.236.28.209/2,69,40.7506,-73.9894,ebastindc@hibu.com,2020-05-21 20:44:26,New York,New York City
215.237.212.87/20,97,40.9897,-80.3084,emcdonnelldd@nature.com,2020-12-30 08:19:25,Pennsylvania,New Castle
67.181.237.114/1,83,38.8667,-77.0166,dedwinde@prweb.com,2020-04-15 14:38:39,District of Columbia,Washington
161.50.111.95/6,71,33.4226,-111.7236,fhatfulldf@opera.com,2020-08-17 01:42:45,Arizona,Phoenix
227.57.248.113/28,62,41.2949,-96.0546,lmccoskerdg@wsj.com,2020-08-31 06:04:23,Nebraska,Omaha
238.171.63.195/27,60,41.0516,-73.5143,apagettdh@dagondesign.com,2020-03-01 18:44:41,Connecticut,Stamford
166.71.234.189/3,14,40.081,-82.9383,abetteridgedi@bloglovin.com,2020-01-28 05:42:24,Ohio,Columbus
242.103.25.245/23,51,61.1089,-149.4403,boverpooldj@friendfeed.com,2020-03-14 15:57:28,Alaska,Anchorage
72.131.60.123/8,11,35.9279,-114.9721,gkernerdk@ustream.tv,2020-08-01 10:24:38,Nevada,Las Vegas
151.244.245.61/3,61,38.8933,-77.0146,ebooelndl@sohu.com,2020-10-03 19:12:40,District of Columbia,Washington
124.88.137.182/23,95,32.404,-86.2539,clunnondm@sfgate.com,2020-06-29 11:54:37,Alabama,Montgomery
164.192.134.114/27,2,36.1866,-86.7852,dengehamdn@printfriendly.com,2021-01-26 00:15:54,Tennessee,Nashville
175.9.126.186/25,57,38.9033,-92.1022,afrangionedo@nature.com,2020-05-21 02:02:41,Missouri,Columbia
3.6.220.235/4,56,37.2568,-121.8896,bjoselovitchdp@altervista.org,2020-11-01 11:06:50,California,San Jose
192.61.186.211/22,79,39.7434,-75.5827,dgeggiedq@discuz.net,2020-02-10 23:41:18,Delaware,Wilmington
99.44.201.80/11,7,38.3774,-121.4444,bmuggeridgedr@wiley.com,2020-08-20 10:42:07,California,Sacramento
205.92.144.37/19,29,29.4375,-98.4616,zmingusds@sakura.ne.jp,2020-01-10 03:46:36,Texas,San Antonio
53.109.43.207/15,84,38.0283,-84.4715,skorousdt@hatena.ne.jp,2021-01-24 16:24:16,Kentucky,Lexington
242.250.207.39/22,53,29.834,-95.4342,tcraggdu@symantec.com,2021-01-06 00:26:10,Texas,Houston
185.138.109.119/15,99,42.4156,-92.2703,dtempledv@flavors.me,2020-08-25 21:20:22,Iowa,Waterloo
12.168.207.245/20,48,41.6767,-83.5573,aalennikovdw@usnews.com,2020-11-09 14:32:57,Ohio,Toledo
216.216.60.8/21,2,41.7582,-88.2971,bbolmanndx@friendfeed.com,2020-10-03 19:39:55,Illinois,Aurora
253.205.169.205/13,92,35.26,-80.8042,ekrzyzaniakdy@networksolutions.com,2020-11-19 12:06:18,North Carolina,Charlotte
119.9.178.238/22,21,35.26,-80.8042,taldermandz@bloglovin.com,2020-04-03 23:23:19,North Carolina,Charlotte
132.205.240.110/7,6,33.7866,-118.2987,gsaunderse0@usatoday.com,2020-07-31 09:57:55,California,Pasadena
49.78.176.102/19,1,38.189,-85.6768,dcricke1@163.com,2020-08-28 18:43:30,Kentucky,Louisville
52.178.123.191/2,62,41.0957,-73.4285,ilemmere2@pbs.org,2020-03-24 12:24:31,Connecticut,Norwalk
100.116.194.19/5,94,39.9186,-75.1078,bsundine3@prnewswire.com,2020-04-11 09:15:57,New Jersey,Camden
96.79.220.120/18,23,41.119,-73.733,ebuckthorpe4@sakura.ne.jp,2020-10-12 12:25:37,New York,Mount Vernon
44.133.104.88/1,38,40.7681,-89.6026,ssibthorpe5@zdnet.com,2020-03-10 07:34:17,Illinois,Peoria
54.160.128.119/22,91,33.9352,-85.9576,hcairnse6@facebook.com,2020-11-11 17:14:13,Alabama,Gadsden
163.126.90.81/27,39,35.0443,-106.6729,rmaccroarye7@twitpic.com,2020-05-01 00:08:04,New Mexico,Albuquerque
184.38.217.200/25,81,25.6615,-80.441,bjimpsone8@is.gd,2020-03-13 09:38:59,Florida,Miami
42.183.181.192/7,44,29.6223,-95.26,apaulsene9@intel.com,2020-05-31 03:08:34,Texas,Houston
132.234.11.224/7,34,42.3189,-85.5152,qlenaghenea@unesco.org,2020-07-26 18:30:37,Michigan,Kalamazoo
28.191.186.250/5,45,40.7808,-73.9772,chaberghameb@about.me,2020-10-19 15:10:20,New York,New York City
193.252.19.220/12,100,39.7495,-89.606,rgonzalvoec@github.com,2020-02-04 05:37:18,Illinois,Springfield
252.138.227.69/3,34,31.5915,-97.0823,bolliviered@zimbio.com,2020-06-24 00:24:04,Texas,Waco
28.107.250.197/2,48,45.0159,-93.4719,rbanbrookee@noaa.gov,2020-05-04 07:38:17,Minnesota,Minneapolis
139.200.191.39/5,18,40.7442,-89.7184,tbarffef@nymag.com,2021-01-01 07:58:31,Illinois,Peoria
201.107.95.190/20,22,33.7529,-116.0556,jodonohoeeg@upenn.edu,2020-09-05 16:20:39,California,Riverside
246.12.206.128/13,85,31.8767,-102.4375,nandraulteh@aboutads.info,2020-07-10 08:02:16,Texas,Odessa
51.46.129.235/6,65,26.9668,-81.9545,lmauchlineei@moonfruit.com,2020-11-24 09:57:13,Florida,Punta Gorda
4.78.112.16/24,43,35.4015,-101.8951,rgiannazziej@deliciousdays.com,2020-02-16 10:59:47,Texas,Amarillo
57.101.150.126/29,91,40.7145,-111.8931,mrispinek@yelp.com,2020-04-22 23:04:28,Utah,Salt Lake City
204.221.167.19/31,96,41.119,-73.733,agiorgioneel@wired.com,2020-07-31 12:08:51,New York,Mount Vernon
162.179.57.243/26,87,34.006,-80.9708,smacnamaraem@sbwire.com,2020-09-11 21:57:18,South Carolina,Columbia
230.185.167.57/31,63,37.6802,-121.9215,bravenshawen@delicious.com,2020-02-11 15:27:19,California,Berkeley
137.85.65.169/3,87,31.6948,-106.3,cturmelleo@house.gov,2020-04-07 15:57:01,Texas,El Paso
155.74.24.77/25,93,33.9995,-98.3938,twharrierep@soup.io,2020-12-10 08:20:07,Texas,Wichita Falls
75.145.133.230/17,99,39.7265,-86.0005,gholteq@eventbrite.com,2020-06-30 09:36:18,Indiana,Indianapolis
101.16.229.63/15,27,36.0275,-80.2073,bdeetcher@phoca.cz,2020-05-01 12:10:56,North Carolina,Winston Salem
65.41.108.192/6,50,36.086,-115.1471,wbesnardeaues@yolasite.com,2020-12-07 20:26:59,Nevada,Las Vegas
153.57.73.228/5,46,33.5446,-86.9292,asmytheet@google.com.br,2020-12-23 13:57:05,Alabama,Birmingham
146.237.184.95/24,50,38.945,-77.0364,mrawleseu@uol.com.br,2020-09-01 23:50:11,District of Columbia,Washington
137.195.192.153/7,66,39.3093,-76.6699,dmulcockev@wordpress.com,2020-02-16 22:42:12,Maryland,Baltimore
153.162.107.141/5,11,41.6857,-81.6728,lbaumberew@storify.com,2020-03-11 10:31:15,Ohio,Cleveland
15.221.190.8/31,19,35.2017,-89.9715,dcoggonex@sciencedirect.com,2020-09-08 00:14:15,Tennessee,Memphis
168.15.237.213/18,17,33.0169,-116.846,ejenickeey@etsy.com,2020-07-18 02:49:12,California,San Diego
223.248.86.146/22,81,41.8097,-87.6533,dsedgebeerez@cbc.ca,2020-04-05 21:21:19,Illinois,Chicago
128.230.111.65/2,2,38.0283,-84.4715,kperronef0@archive.org,2020-03-22 03:17:44,Kentucky,Lexington
144.244.155.33/5,80,35.4259,-97.5261,fwardallf1@imageshack.us,2021-01-18 15:02:30,Oklahoma,Oklahoma City
156.91.249.104/17,40,37.9971,-87.575,mmccuaigf2@webnode.com,2020-04-20 17:37:30,Indiana,Evansville
10.224.134.140/17,45,45.0632,-93.3811,joloshinf3@cocolog-nifty.com,2020-08-13 08:34:56,Minnesota,Minneapolis
128.36.142.213/4,48,33.9443,-83.3891,gestabrookf4@flickr.com,2020-11-11 19:31:56,Georgia,Athens
197.7.105.205/4,94,38.2306,-85.7905,rpennf5@wikia.com,2020-07-23 15:50:45,Kentucky,Louisville
138.136.174.48/8,91,38.8893,-75.8612,bmatschossf6@java.com,2020-11-28 20:27:06,Maryland,Ridgely
106.161.53.94/9,91,41.6857,-81.6728,rcunnahf7@amazon.co.uk,2020-04-09 13:57:12,Ohio,Cleveland
3.139.3.165/6,64,38.1286,-104.5523,rboastf8@umich.edu,2020-08-16 14:32:49,Colorado,Pueblo
89.250.197.84/26,41,42.6395,-112.3138,lshattockf9@answers.com,2020-08-29 16:44:56,Idaho,Pocatello
93.228.217.96/29,60,33.61,-101.8213,smcreynoldsfa@wufoo.com,2020-11-27 11:03:24,Texas,Lubbock
32.174.188.170/7,76,38.8158,-77.09,sinstockfb@newsvine.com,2020-11-17 16:49:00,Virginia,Alexandria
111.57.94.36/7,74,41.3914,-75.6657,tcurrallfc@netscape.com,2021-01-06 23:34:16,Pennsylvania,Scranton
107.134.222.78/12,56,38.5309,-92.2493,twhathamfd@hibu.com,2021-01-27 22:37:05,Missouri,Jefferson City
114.191.190.2/14,16,41.249,-96.0274,ncherrymanfe@spotify.com,2020-08-21 22:20:49,Nebraska,Omaha
25.78.142.228/6,43,34.8272,-92.2847,zoadesff@weebly.com,2020-03-03 17:42:12,Arkansas,North Little Rock
139.37.4.190/8,62,33.3538,-86.8254,cgaberfg@slashdot.org,2020-12-08 20:23:24,Alabama,Birmingham
105.181.42.242/8,7,41.7918,-72.7188,ozaniolinifh@printfriendly.com,2020-01-01 10:13:14,Connecticut,West Hartford
162.48.171.19/21,94,41.9399,-87.6528,chellenfi@rambler.ru,2020-12-24 17:39:00,Illinois,Chicago
7.241.10.49/5,21,25.5584,-80.4582,zhedditchfj@yahoo.com,2020-07-01 13:56:25,Florida,Miami
217.42.97.113/24,23,35.0443,-106.6729,kseegerfk@nps.gov,2020-11-09 15:33:39,New Mexico,Albuquerque
254.141.190.107/19,5,30.2023,-92.0188,ctrentfl@washington.edu,2020-03-23 09:50:53,Louisiana,Lafayette
238.117.174.217/9,96,27.7262,-97.4078,ebicefm@imgur.com,2020-04-22 13:40:20,Texas,Corpus Christi
200.243.88.196/26,83,37.6566,-121.0191,etoupefn@bandcamp.com,2020-10-21 09:40:55,California,Modesto
54.69.87.168/17,8,41.3657,-72.9275,slosemannfo@vkontakte.ru,2020-01-24 09:00:04,Connecticut,New Haven
240.14.107.134/19,40,42.9559,-87.9933,jhewellfp@seattletimes.com,2020-06-09 02:11:14,Wisconsin,Milwaukee
126.229.177.144/15,46,38.354,-81.6394,gcarnfq@jimdo.com,2020-08-31 17:28:42,West Virginia,Charleston
159.222.38.174/28,7,26.5354,-80.1124,bocurrinefr@thetimes.co.uk,2020-11-30 07:37:07,Florida,Boynton Beach
111.20.69.130/18,66,42.3254,-89.1705,rcobsonfs@usda.gov,2020-02-19 12:49:41,Illinois,Rockford
58.203.250.27/19,80,39.2829,-94.409,grubinowitschft@merriam-webster.com,2020-10-01 16:51:02,Missouri,Kansas City
222.55.37.52/26,99,33.1968,-117.2831,mbanischfu@uiuc.edu,2021-01-27 00:27:57,California,Oceanside
170.37.248.137/20,46,37.7639,-97.4269,sjopefv@pagesperso-orange.fr,2020-07-04 09:04:44,Kansas,Wichita
51.49.248.155/4,10,40.9008,-96.7201,edickfw@mlb.com,2020-09-28 02:07:47,Nebraska,Lincoln
140.248.159.220/21,43,25.7559,-80.2013,cbehningfx@blog.com,2020-06-07 18:09:11,Florida,Miami
56.115.242.244/3,80,38.8933,-77.0146,eburrusfy@linkedin.com,2020-05-05 03:16:47,District of Columbia,Washington
101.167.74.32/15,72,33.7866,-118.2987,dshobbrookfz@tripadvisor.com,2020-08-21 06:58:14,California,Pasadena
181.203.147.165/10,6,27.3896,-80.2615,cbuggsg0@arizona.edu,2021-01-10 04:43:00,Florida,Fort Pierce
208.217.211.37/3,78,35.4242,-97.6547,jrollingsg1@ycombinator.com,2020-08-21 02:00:04,Oklahoma,Oklahoma City
80.116.243.179/10,11,40.9897,-80.3084,mdanglg2@biglobe.ne.jp,2020-05-05 02:16:39,Pennsylvania,New Castle
176.200.141.73/4,87,40.2805,-74.712,tcrenshawg3@scientificamerican.com,2020-08-19 09:53:07,New Jersey,Trenton
77.130.198.42/15,72,34.0378,-84.5038,nfrisdickg4@opensource.org,2020-08-19 19:57:16,Georgia,Marietta
227.96.66.17/4,41,38.5816,-121.4933,lknappeg5@slideshare.net,2020-04-27 22:30:57,California,Sacramento
220.94.205.167/30,41,38.4386,-122.6727,gpavisg6@plala.or.jp,2020-05-21 11:18:50,California,Santa Rosa
225.49.101.124/1,89,44.9806,-93.1771,tbitchenog7@washington.edu,2020-10-26 11:08:03,Minnesota,Saint Paul
75.64.173.86/21,54,35.5212,-105.9818,splumridegeg8@dailymotion.com,2021-01-25 06:05:00,New Mexico,Santa Fe
58.11.20.148/19,57,38.6149,-90.1275,hlagdeg9@drupal.org,2020-09-30 23:35:12,Illinois,East Saint Louis
115.162.178.194/25,98,33.8932,-84.2539,nweildga@symantec.com,2020-09-11 13:50:13,Georgia,Atlanta
41.137.88.112/17,41,40.7955,-84.1383,llarozegb@ameblo.jp,2020-12-06 01:39:35,Ohio,Lima
85.136.50.194/7,56,41.3657,-72.9275,gbullasgc@quantcast.com,2020-11-25 01:34:05,Connecticut,New Haven
53.85.123.69/9,16,27.981,-81.6736,gguisotgd@fda.gov,2020-02-17 20:58:40,Florida,Winter Haven
119.66.214.166/12,62,26.1625,-80.2582,coggge@cbc.ca,2020-01-07 09:44:30,Florida,Fort Lauderdale
38.131.189.128/28,60,43.6783,-70.1987,kbalentynegf@google.co.jp,2020-03-16 14:42:26,Maine,Portland
26.153.198.6/28,66,38.8933,-77.0146,nbettlestonegg@nsw.gov.au,2020-10-06 17:32:44,District of Columbia,Washington
131.224.14.227/17,29,31.6948,-106.3,mbucklandgh@go.com,2020-12-22 16:22:37,Texas,El Paso
13.195.101.124/25,88,41.9399,-87.6528,fbrainegi@webnode.com,2020-09-21 01:18:51,Illinois,Chicago
49.229.246.87/29,45,33.5446,-86.9292,jsecrettgj@lycos.com,2020-05-11 05:39:45,Alabama,Birmingham
64.44.47.158/21,62,38.6026,-121.4475,dallsoppgk@discuz.net,2020-04-15 12:30:36,California,Sacramento
158.27.184.199/4,53,38.8933,-77.0146,vstewardgl@xing.com,2020-07-12 17:09:06,District of Columbia,Washington
16.50.174.118/16,79,47.6964,-117.4399,btampengm@cargocollective.com,2020-05-02 14:11:54,Washington,Spokane
60.87.32.213/2,60,37.6374,-122.067,lkubeckagn@zdnet.com,2020-03-20 20:29:30,California,Hayward
53.199.146.154/16,57,47.6063,-122.3308,pvuittetgo@addtoany.com,2020-03-28 10:37:39,Washington,Seattle
36.138.152.211/27,65,32.7714,-97.2915,etauntongp@msu.edu,2021-01-28 11:10:02,Texas,Fort Worth
246.112.6.53/1,10,41.9229,-87.6483,dshillabeargq@sina.com.cn,2020-03-21 05:37:05,Illinois,Chicago
48.229.42.243/11,20,32.8891,-117.1005,ndahlgrengr@baidu.com,2020-04-06 06:05:05,California,San Diego
7.198.244.161/30,6,30.6589,-88.178,wmorrittgs@techcrunch.com,2020-03-28 06:31:56,Alabama,Mobile
75.50.244.40/2,4,38.5814,-90.2625,gwadforthgt@t.co,2020-03-25 18:07:36,Missouri,Saint Louis
225.5.207.195/29,62,45.5806,-122.3748,ddeeneygu@dyndns.org,2020-11-24 08:50:07,Oregon,Portland
43.51.232.252/21,13,21.2811,-157.8266,lmuscroftgv@hhs.gov,2020-09-12 06:24:50,Hawaii,Honolulu
234.214.10.212/7,19,38.5309,-92.2493,qwinterfloodgw@angelfire.com,2020-11-02 18:32:15,Missouri,Jefferson City
137.131.114.99/5,76,30.6521,-96.341,jkoubugx@wsj.com,2020-11-29 11:33:20,Texas,Bryan
22.42.233.31/16,98,40.8247,-73.894,cdubiquegy@newsvine.com,2020-02-26 14:48:07,New York,Bronx
144.210.18.31/24,99,32.8926,-83.7455,tshorygz@amazon.com,2020-11-05 08:12:45,Georgia,Macon
92.230.252.57/26,5,35.9901,-83.9622,afeirnh0@sohu.com,2020-10-12 14:37:04,Tennessee,Knoxville
233.22.22.141/6,12,40.0418,-76.3012,rrowetth1@hud.gov,2020-03-22 21:59:37,Pennsylvania,Lancaster
251.8.94.142/15,40,37.5498,-77.4588,ztrendleh2@hubpages.com,2020-11-10 10:09:07,Virginia,Richmond
97.234.103.218/31,28,39.7388,-104.4083,akerslakeh3@engadget.com,2020-05-05 17:37:19,Colorado,Denver
13.187.225.166/6,65,41.5487,-93.5827,ebaroch4@youku.com,2020-10-26 00:24:49,Iowa,Des Moines
40.137.215.25/20,95,36.5799,-82.5733,swoolcocksh5@auda.org.au,2020-04-15 13:44:53,Tennessee,Kingsport
249.112.20.118/6,71,39.361,-76.5891,ksparhawkh6@unblog.fr,2020-02-16 11:56:08,Maryland,Baltimore
121.179.158.87/31,89,41.993,-87.7596,cpriditth7@myspace.com,2020-09-06 05:45:29,Illinois,Chicago
204.19.85.123/29,29,36.0807,-80.0244,ecreamerh8@wordpress.com,2020-08-29 15:01:04,North Carolina,Greensboro
51.105.31.28/9,58,38.6406,-121.444,ddohrmannh9@tiny.cc,2020-11-07 03:10:10,California,Sacramento
157.172.96.51/31,4,47.1042,-122.87,rnisbyha@ning.com,2020-11-26 07:05:54,Washington,Olympia
88.187.10.244/7,35,39.969,-83.0114,dsellyhb@w3.org,2020-06-09 13:43:00,Ohio,Columbus
23.196.173.15/24,65,39.7388,-104.4083,sberringtonhc@jimdo.com,2020-07-24 00:30:00,Colorado,Denver
146.186.180.42/25,27,27.9953,-81.2593,brothhd@bbb.org,2021-01-26 19:04:51,Florida,Kissimmee
219.229.186.65/5,99,36.175,-95.8477,kdillandhe@elpais.com,2020-03-04 01:55:20,Oklahoma,Tulsa
226.111.246.226/18,55,38.2222,-85.6885,scustardhf@reference.com,2020-07-11 18:18:45,Kentucky,Louisville
81.145.6.96/22,21,45.5806,-122.3748,egradleyhg@gnu.org,2020-07-15 20:48:23,Oregon,Portland
130.23.62.243/24,59,34.5271,-82.7087,sfranciehh@tumblr.com,2020-10-03 07:51:36,South Carolina,Anderson
217.194.55.52/16,71,28.5642,-82.4165,uduckwithhi@jimdo.com,2021-01-03 23:49:52,Florida,Spring Hill
200.209.156.154/10,55,36.1693,-115.2828,cskippenhj@taobao.com,2020-07-01 23:52:28,Nevada,Las Vegas
233.254.203.62/27,96,38.4134,-82.2774,clambiehk@hc360.com,2020-09-05 07:19:45,West Virginia,Huntington
175.88.95.229/7,13,34.0531,-118.3806,jjacobshl@scribd.com,2020-02-04 08:08:59,California,Los Angeles
235.218.9.253/10,86,38.189,-85.6768,sgildersleevehm@mit.edu,2020-11-15 08:21:29,Kentucky,Louisville
142.50.171.100/6,67,37.3352,-121.8938,mscoreyhn@constantcontact.com,2020-02-09 06:05:05,California,San Jose
173.252.232.171/18,100,35.0763,-101.8349,sdummerho@amazon.de,2020-11-06 14:07:54,Texas,Amarillo
98.245.201.151/31,43,36.2158,-115.0671,femanuelihp@japanpost.jp,2021-01-14 17:02:47,Nevada,Las Vegas
57.184.112.124/21,60,37.7848,-122.7278,ogiberdhq@miitbeian.gov.cn,2020-04-14 03:11:14,California,San Francisco
49.85.217.50/31,96,42.4464,-71.4594,abonickhr@about.me,2020-04-25 00:53:08,Massachusetts,Woburn
202.188.109.59/11,63,35.7977,-78.6253,dwinchurchhs@simplemachines.org,2020-02-10 21:16:00,North Carolina,Raleigh
114.204.38.25/15,15,36.1379,-86.741,cdalmonht@hatena.ne.jp,2020-11-07 04:16:34,Tennessee,Nashville
219.151.197.136/12,63,42.1827,-80.0649,vlackneyhu@dion.ne.jp,2020-04-21 04:41:09,Pennsylvania,Erie
19.142.226.214/9,55,43.6746,-96.7913,bbrittianhv@wordpress.org,2020-06-08 03:55:19,South Dakota,Sioux Falls
64.128.111.100/19,86,39.2847,-76.6205,gcoslitthw@latimes.com,2020-12-07 13:28:12,Maryland,Baltimore
200.60.153.54/1,84,40.7262,-73.9796,ddoakhx@yahoo.co.jp,2020-06-24 05:39:04,New York,New York City
115.207.47.63/24,24,39.6749,-84.1136,tgunbiehy@issuu.com,2020-07-26 17:33:21,Ohio,Dayton
235.80.3.233/31,57,42.4981,-83.2058,ledgerleyhz@tinyurl.com,2020-07-10 03:22:56,Michigan,Southfield
88.123.158.213/19,60,38.8999,-94.832,mfolkerdi0@yellowpages.com,2020-06-11 14:34:13,Kansas,Shawnee Mission
175.49.35.175/26,56,38.8952,-77.0365,fcrosthwaitei1@engadget.com,2021-01-14 22:30:56,District of Columbia,Washington
100.162.107.23/28,56,29.8744,-95.5278,ldarintoni2@oaic.gov.au,2020-02-19 00:16:50,Texas,Houston
76.23.61.62/19,83,40.7808,-73.9772,abottomi3@yellowbook.com,2020-06-10 23:06:50,New York,New York City
92.159.238.221/22,71,33.7866,-118.2987,adicksi4@goo.gl,2020-03-23 00:03:45,California,Glendale
205.217.146.222/26,23,37.7848,-122.7278,myatesi5@scientificamerican.com,2021-01-20 18:06:27,California,San Francisco
243.27.239.28/11,6,36.0275,-80.2073,dmonellei6@nba.com,2020-03-26 09:11:29,North Carolina,Winston Salem
183.75.145.183/13,63,47.4323,-121.8034,anuzzii7@usgs.gov,2020-09-28 00:39:50,Washington,Seattle
195.161.249.11/14,59,47.1042,-122.87,rlotti8@house.gov,2020-04-28 14:09:31,Washington,Olympia
118.222.68.215/8,4,33.8635,-118.1801,kdartani9@lycos.com,2020-05-21 22:15:59,California,Long Beach
225.174.65.182/13,21,36.1398,-96.0297,cgertzia@icq.com,2020-10-20 21:30:53,Oklahoma,Tulsa
115.10.160.183/11,39,30.287,-81.3893,dliccardoib@opensource.org,2020-03-27 16:29:07,Florida,Jacksonville
184.31.205.236/19,72,34.0268,-84.2422,fdowneic@github.com,2021-01-13 06:41:10,Georgia,Alpharetta
4.238.20.186/31,14,25.6364,-80.3187,pelliottid@epa.gov,2020-12-13 20:09:51,Florida,Miami
114.198.77.146/18,46,45.6231,-122.5767,mredbournie@addthis.com,2020-07-01 20:51:06,Washington,Vancouver
70.200.92.204/12,25,38.8933,-77.0146,avogellerif@theglobeandmail.com,2020-12-10 10:14:43,District of Columbia,Washington
36.248.174.75/28,25,29.6701,-98.6873,facombig@blog.com,2020-10-03 04:02:06,Texas,San Antonio
145.184.74.37/3,93,33.7377,-78.9787,hgingoldih@elegantthemes.com,2020-08-03 00:15:02,South Carolina,Myrtle Beach
91.82.156.67/20,45,42.4981,-83.2058,eklicheii@symantec.com,2020-07-12 10:32:50,Michigan,Southfield
46.55.227.111/27,90,39.6255,-104.7874,bdinapoliij@multiply.com,2020-07-15 04:58:25,Colorado,Aurora
65.175.161.115/6,83,29.3494,-98.4422,ssheltonik@loc.gov,2020-08-18 09:52:56,Texas,San Antonio
238.74.120.208/2,68,41.3057,-72.7799,afraczekil@toplist.cz,2020-09-13 19:55:29,Connecticut,New Haven
71.53.138.161/28,16,41.7845,-71.3959,msoppettim@simplemachines.org,2020-04-08 04:58:25,Rhode Island,Providence
164.65.103.230/29,32,27.9671,-82.4334,roverilin@jiathis.com,2020-07-21 16:38:06,Florida,Tampa
188.107.59.10/22,2,41.8119,-87.6873,mrysonio@sciencedaily.com,2020-09-15 23:13:49,Illinois,Chicago
244.219.55.33/7,95,45.5806,-122.3748,dwippermannip@google.fr,2020-10-21 04:44:42,Oregon,Portland
156.210.147.182/14,36,44.9427,-93.0828,elundyiq@vkontakte.ru,2020-07-13 07:51:34,Minnesota,Saint Paul
205.30.80.249/7,13,30.5422,-84.1413,hderuelir@guardian.co.uk,2020-12-12 21:47:15,Florida,Tallahassee
214.124.217.42/18,80,42.4464,-71.4594,aruckmanis@buzzfeed.com,2020-05-24 16:00:49,Massachusetts,Woburn
36.81.210.151/4,60,36.0512,-78.8577,chinderit@zimbio.com,2020-10-07 18:55:20,North Carolina,Durham
89.189.224.233/20,48,33.754,-117.7919,mspawelliu@mapquest.com,2020-05-08 10:22:54,California,Santa Ana
169.62.74.192/14,57,40.43,-74.4173,rorsmaniv@tuttocitta.it,2020-12-06 15:33:43,New Jersey,New Brunswick
65.128.196.180/24,27,40.7808,-73.9772,seassebyiw@thetimes.co.uk,2020-08-17 04:08:41,New York,New York City
212.237.112.108/12,25,29.834,-95.4342,mswindellsix@wikia.com,2020-02-13 15:02:59,Texas,Houston
26.228.240.82/1,59,26.045,-81.6669,kkinderiy@naver.com,2020-11-21 12:46:27,Florida,Naples
165.183.57.74/26,28,26.2785,-80.1157,dlivesayiz@arizona.edu,2020-06-14 03:35:24,Florida,Pompano Beach
192.39.148.189/12,75,39.2829,-94.409,ndevauxj0@tamu.edu,2021-01-06 19:16:24,Missouri,Kansas City
164.64.61.230/13,49,39.0429,-95.7697,sreedj1@google.pl,2020-05-18 13:15:08,Kansas,Topeka
20.227.214.150/31,56,36.0467,-95.8841,ylynessj2@arizona.edu,2020-06-15 17:52:31,Oklahoma,Tulsa
78.152.203.224/24,48,38.8933,-77.0146,tshernockj3@ovh.net,2020-05-31 16:00:17,District of Columbia,Washington
106.183.249.41/3,89,29.4375,-98.4616,hfagencej4@odnoklassniki.ru,2020-12-05 20:06:10,Texas,San Antonio
47.246.128.105/1,72,42.3648,-71.8969,ntamej5@chron.com,2020-12-28 16:55:48,Massachusetts,Worcester
197.193.9.241/14,3,36.175,-95.8477,mjulianj6@archive.org,2020-01-07 02:13:12,Oklahoma,Tulsa
154.125.110.115/27,37,26.134,-81.7953,kligginsj7@wisc.edu,2021-01-25 15:29:15,Florida,Naples
152.132.205.119/27,37,27.8444,-82.7963,mcanlandj8@theguardian.com,2020-10-21 20:28:14,Florida,Seminole
127.245.72.21/26,59,38.9982,-77.0338,achilderleyj9@microsoft.com,2020-12-06 19:12:35,Maryland,Silver Spring
30.75.19.6/22,19,43.0696,-89.4239,ocucuzzaja@example.com,2020-02-27 01:34:27,Wisconsin,Madison
201.75.247.241/7,36,30.6568,-97.6026,tsamsonjb@tinyurl.com,2020-12-17 15:43:33,Texas,Round Rock
134.170.194.232/16,68,34.1446,-117.3013,tappletonjc@latimes.com,2020-03-25 11:27:46,California,San Bernardino
200.144.243.132/26,46,42.2922,-85.633,mchetwyndjd@sogou.com,2020-10-03 06:09:57,Michigan,Kalamazoo
40.189.219.52/21,4,37.3894,-121.8868,fhaylesje@ftc.gov,2020-10-17 20:50:25,California,San Jose
227.225.111.7/19,93,36.7563,-121.6703,bluneyjf@digg.com,2020-11-09 05:33:34,California,Salinas
142.20.249.194/4,93,36.9216,-76.0171,crowdenjg@wordpress.com,2020-09-01 07:41:35,Virginia,Virginia Beach
38.35.201.141/19,33,40.4181,-80.0526,alangthornejh@guardian.co.uk,2020-03-30 14:55:09,Pennsylvania,Pittsburgh
173.37.160.215/18,67,33.7866,-118.2987,epackerji@jimdo.com,2020-04-06 10:04:33,California,Los Angeles
205.40.56.102/20,40,26.1497,-80.1229,estoilejj@foxnews.com,2020-11-07 20:31:11,Florida,Fort Lauderdale
80.15.206.137/21,21,32.3766,-95.1252,zferrandezjk@mayoclinic.com,2021-01-03 15:02:19,Texas,Tyler
182.103.15.218/19,17,42.9559,-87.9933,clendonjl@clickbank.net,2020-10-25 13:43:13,Wisconsin,Milwaukee
159.63.12.204/14,43,40.7808,-73.9772,gmccloudjm@newyorker.com,2020-01-30 15:39:37,New York,New York City
24.224.140.67/5,12,33.0279,-117.0856,aburwelljn@ycombinator.com,2021-01-28 08:53:12,California,San Diego
64.178.24.71/31,80,38.8247,-104.562,ececijo@independent.co.uk,2020-02-26 04:40:30,Colorado,Colorado Springs
151.55.239.244/7,4,42.7684,-78.8871,jfowlejp@icq.com,2020-03-14 07:21:48,New York,Buffalo
17.198.199.17/9,71,61.1089,-149.4403,gemmetjq@mozilla.com,2020-09-14 02:38:02,Alaska,Anchorage
83.132.234.165/8,52,33.571,-101.8507,abristonjr@marriott.com,2020-05-23 12:46:51,Texas,Lubbock
216.48.98.68/24,59,45.0058,-93.4193,amcgonnelljs@reuters.com,2020-11-08 13:59:03,Minnesota,Minneapolis
94.48.220.70/6,46,29.6701,-98.6873,dcoulljt@xing.com,2020-03-23 22:45:48,Texas,San Antonio
217.242.118.72/11,16,45.5078,-122.6897,acalderaju@liveinternet.ru,2020-08-14 10:37:32,Oregon,Portland
152.146.32.169/8,34,30.033,-89.8826,bcollopyjv@pinterest.com,2020-08-13 07:38:52,Louisiana,New Orleans
234.180.225.206/26,60,39.1668,-84.5382,mderisleyjw@hugedomains.com,2020-08-23 02:36:55,Ohio,Cincinnati
76.171.110.248/25,100,37.9971,-87.575,learlamjx@shareasale.com,2020-07-04 05:00:27,Indiana,Evansville
175.227.252.115/14,91,42.3823,-71.0323,rsheldrakejy@goo.ne.jp,2020-07-25 15:47:11,Massachusetts,Boston
17.78.224.144/16,32,35.0512,-106.7269,lboullerjz@google.es,2020-07-16 13:39:53,New Mexico,Albuquerque
170.129.251.7/9,80,47.6151,-122.3447,kradfordk0@cnn.com,2020-07-22 14:23:22,Washington,Seattle
119.192.179.213/23,20,38.3774,-121.4444,vdehoogek1@phpbb.com,2020-06-30 12:08:26,California,Sacramento
216.141.190.53/10,73,39.5645,-75.597,wcaillouk2@hatena.ne.jp,2020-12-10 17:43:46,Delaware,Wilmington
67.200.192.39/18,46,33.7866,-118.2987,aduplank3@ucla.edu,2020-11-19 18:50:27,California,Santa Monica
227.135.226.190/19,38,41.4019,-75.6376,dcuolahank4@apple.com,2020-03-11 09:04:45,Pennsylvania,Scranton
249.100.246.143/19,7,39.0312,-94.6308,lwilleyk5@cam.ac.uk,2020-12-05 09:15:24,Kansas,Shawnee Mission
70.20.45.188/31,69,27.7391,-82.6435,tpomfretk6@bandcamp.com,2020-01-05 05:41:29,Florida,Saint Petersburg
88.206.202.228/21,5,33.811,-117.8493,imoloneyk7@icq.com,2020-06-03 14:17:53,California,Orange
247.56.29.88/11,25,33.0169,-116.846,haxfordk8@ucla.edu,2020-11-23 15:36:53,California,Escondido
21.43.8.188/22,57,34.8497,-82.4538,cdupeyk9@pinterest.com,2020-12-16 12:49:34,South Carolina,Greenville
86.45.248.85/20,20,32.8147,-96.7877,pfortieka@ucoz.com,2020-12-22 11:35:30,Texas,Dallas
203.154.147.15/7,32,38.8933,-77.0146,lhanleykb@nytimes.com,2020-05-02 21:50:59,District of Columbia,Washington
110.58.52.64/24,69,39.0429,-95.7697,glomathkc@cbc.ca,2020-07-28 17:42:32,Kansas,Topeka
58.129.45.139/14,58,25.5584,-80.4582,kdenfordkd@admin.ch,2020-02-18 07:04:19,Florida,Miami
40.36.25.76/11,16,47.6063,-122.3308,sreefke@istockphoto.com,2021-01-17 02:25:33,Washington,Seattle
235.76.142.73/4,84,32.7673,-96.7776,kalgatekf@columbia.edu,2020-03-31 09:57:37,Texas,Dallas
125.202.70.208/2,51,39.2847,-76.6205,fkarpenyakg@slashdot.org,2020-04-24 10:16:05,Maryland,Baltimore
71.201.183.187/1,25,39.854,-88.9815,agarvillkh@yahoo.co.jp,2021-01-18 09:40:16,Illinois,Decatur
109.120.23.195/1,81,39.2829,-94.409,rferreoki@google.com,2020-07-16 04:33:26,Missouri,Kansas City
88.199.95.92/6,73,32.3834,-86.2434,eloosmorekj@cocolog-nifty.com,2020-06-30 16:01:24,Alabama,Montgomery
32.38.67.86/3,31,35.9918,-83.8496,cpirotkk@stumbleupon.com,2020-09-23 09:28:50,Tennessee,Knoxville
199.139.193.158/11,55,39.1075,-84.5257,bsonleykl@ucla.edu,2020-06-22 06:33:50,Ohio,Cincinnati
38.186.161.187/27,87,40.7372,-111.8581,rbausmannkm@china.com.cn,2020-06-25 16:56:07,Utah,Salt Lake City
82.215.109.133/31,48,40.0086,-76.5972,tnyssenskn@dmoz.org,2020-12-18 07:36:58,Pennsylvania,York
221.160.95.99/15,14,43.3869,-84.0926,awraggsko@howstuffworks.com,2020-03-12 08:39:53,Michigan,Saginaw
99.129.37.24/9,37,34.0324,-119.1343,jayreekp@ucla.edu,2020-06-04 00:52:58,California,Oxnard
203.121.225.88/7,9,45.5137,-122.5569,gberzonkq@unblog.fr,2020-07-01 08:11:23,Oregon,Portland
34.166.108.82/24,38,40.7628,-73.9785,dclusekr@prlog.org,2020-04-22 20:06:14,New York,New York City
74.76.51.166/22,92,38.6111,-90.3225,akrochks@shinystat.com,2020-02-19 09:15:20,Missouri,Saint Louis
88.184.179.212/6,13,33.8913,-84.0746,rsoppettkt@icio.us,2020-10-25 10:20:02,Georgia,Atlanta
115.81.17.215/2,86,41.786,-72.6758,ecashfordku@msu.edu,2020-07-04 10:52:53,Connecticut,Hartford
182.141.157.134/18,100,27.8918,-82.7248,jknellkv@geocities.jp,2020-07-16 00:13:23,Florida,Saint Petersburg
13.198.205.169/25,82,39.0429,-95.7697,adeeveskw@sohu.com,2020-03-26 17:08:37,Kansas,Topeka
46.102.90.26/19,41,34.0585,-118.3012,mbisphamkx@sitemeter.com,2020-04-08 00:39:14,California,Los Angeles
229.14.196.243/2,85,42.1827,-80.0649,klamkinky@yellowpages.com,2020-02-20 19:20:35,Pennsylvania,Erie
102.65.89.64/3,48,36.1114,-86.869,rspilsburiekz@webs.com,2020-02-16 02:38:58,Tennessee,Nashville
229.29.13.22/10,67,29.6889,-95.4341,wkainl0@discuz.net,2021-01-21 04:50:12,Texas,Houston
182.36.246.26/21,29,38.8336,-76.8777,rrickarseyl1@theatlantic.com,2020-01-12 15:10:07,Maryland,Laurel
178.78.207.87/27,25,38.8933,-77.0146,jchatelotl2@google.co.jp,2020-06-10 09:17:31,District of Columbia,Washington
67.89.215.242/30,43,35.7977,-78.6253,sforlongel3@imdb.com,2020-06-26 16:22:53,North Carolina,Raleigh
246.217.221.228/9,27,31.8693,-102.0317,dsamuell4@ezinearticles.com,2020-06-09 23:53:08,Texas,Midland
21.138.129.113/9,33,30.2023,-92.0188,psteaningl5@telegraph.co.uk,2020-04-01 09:34:09,Louisiana,Lafayette
200.83.216.80/7,85,35.26,-80.8042,dmartyl6@wp.com,2020-07-19 07:11:48,North Carolina,Charlotte
239.56.183.84/29,18,33.8106,-118.3507,fbedborol7@php.net,2020-07-25 15:59:51,California,Torrance
129.70.38.19/5,39,32.4112,-95.2899,tattawelll8@ebay.com,2020-02-08 20:37:27,Texas,Tyler
95.247.12.55/15,65,38.189,-85.6768,fmenlovel9@examiner.com,2020-12-23 15:55:01,Kentucky,Louisville
60.56.27.67/24,11,31.8925,-106.5426,pbuttlela@google.de,2021-01-29 18:16:47,Texas,El Paso
129.209.207.100/30,75,39.5645,-75.597,ibonsonlb@w3.org,2020-04-09 19:20:34,Delaware,Newark
169.120.117.47/6,6,40.6514,-73.8708,brenfrewlc@cargocollective.com,2020-08-31 22:00:11,New York,Flushing
203.108.176.42/1,27,34.0665,-118.3022,nmeritonld@oakley.com,2020-10-08 10:01:13,California,Los Angeles
245.12.208.116/19,56,40.7955,-84.1383,ckhomishinle@springer.com,2020-04-26 18:29:27,Ohio,Lima
9.20.88.220/25,5,38.2149,-85.6245,kfassmannlf@spiegel.de,2020-12-26 02:26:10,Kentucky,Louisville
90.70.211.73/27,97,43.0314,-85.5503,hwartonbylg@mac.com,2020-01-06 16:59:32,Michigan,Grand Rapids
249.81.54.193/24,33,40.6934,-75.4712,nillyeslh@dell.com,2020-10-15 20:32:29,Pennsylvania,Allentown
223.139.214.222/2,35,34.1073,-118.2266,cdallowli@webmd.com,2020-12-30 06:45:53,California,Los Angeles
53.214.57.36/12,35,33.786,-84.3514,kochterlonielj@goodreads.com,2021-01-23 23:09:17,Georgia,Atlanta
77.33.152.173/31,29,36.032,-83.8021,mhuielk@usa.gov,2020-08-25 11:22:42,Tennessee,Knoxville
31.30.252.208/4,19,39.035,-94.3567,aloveridgell@stanford.edu,2020-03-09 15:07:31,Missouri,Kansas City
220.205.230.185/15,8,35.0549,-106.5461,jsimkisslm@wikispaces.com,2020-08-29 17:01:35,New Mexico,Albuquerque
164.13.45.242/10,85,33.3887,-111.8428,dlettereseln@rakuten.co.jp,2020-10-25 11:28:12,Arizona,Mesa
208.68.64.182/14,76,39.9106,-83.7856,pfourmylo@storify.com,2020-06-30 08:27:16,Ohio,Springfield
98.26.47.225/20,74,40.7808,-73.9772,tandrinlp@comcast.net,2020-07-04 11:58:15,New York,New York City
68.186.108.109/9,48,35.26,-80.8042,tzanettolq@ox.ac.uk,2020-01-12 03:23:58,North Carolina,Charlotte
84.240.107.169/28,92,47.0662,-122.1132,tgrimalr@aol.com,2020-01-20 20:00:56,Washington,Tacoma
51.161.148.142/4,40,21.3062,-157.8585,kmarqyesls@guardian.co.uk,2020-04-10 06:29:37,Hawaii,Honolulu
163.150.175.57/3,59,32.7673,-96.7776,jgirauxlt@123-reg.co.uk,2020-07-03 16:47:56,Texas,Irving
204.197.120.241/11,70,31.5915,-97.0823,kbaudichonlu@addtoany.com,2020-06-01 03:51:53,Texas,Waco
238.152.181.108/4,60,38.8971,-77.0554,apucknelllv@youku.com,2020-06-04 22:40:19,District of Columbia,Washington
38.24.188.247/28,30,33.5446,-86.9292,tjuareslw@mlb.com,2020-09-11 09:34:14,Alabama,Birmingham
248.212.7.156/8,38,37.7848,-122.7278,vpresleylx@hexun.com,2020-11-13 02:49:14,California,San Francisco
195.102.212.145/24,39,38.2149,-85.6245,aphelpsly@examiner.com,2020-01-27 21:40:31,Kentucky,Louisville
84.220.118.42/21,28,29.834,-95.4342,cflieglz@uol.com.br,2021-01-02 22:12:21,Texas,Houston
235.172.147.218/22,69,42.7684,-78.8871,craym0@mozilla.com,2020-12-25 12:25:42,New York,Buffalo
64.209.189.201/5,80,40.9897,-80.3084,chyndleym1@businesswire.com,2020-05-28 07:36:32,Pennsylvania,New Castle
87.127.55.51/23,72,47.3081,-122.4185,koliverasm2@blogger.com,2020-05-16 14:34:50,Washington,Tacoma
252.97.72.135/14,80,44.9034,-93.374,cfleism3@npr.org,2020-10-08 17:11:44,Minnesota,Minneapolis
27.79.226.36/13,13,40.0018,-75.1179,bmanklowm4@barnesandnoble.com,2020-05-30 00:06:26,Pennsylvania,Philadelphia
214.10.70.146/29,29,35.0443,-106.6729,cchoudhurym5@skyrock.com,2020-12-24 01:27:23,New Mexico,Albuquerque
124.6.180.212/6,81,41.613,-90.6063,mhalgarthm6@indiegogo.com,2020-08-05 00:07:57,Iowa,Davenport
140.250.229.136/21,38,26.2416,-81.8071,hmcinnesm7@jugem.jp,2020-06-14 20:44:50,Florida,Naples
242.37.131.187/23,11,43.6746,-96.7913,gmckinnam8@tripod.com,2020-05-08 02:17:59,South Dakota,Sioux Falls
181.95.132.59/25,85,32.7714,-97.2915,tredolfim9@psu.edu,2020-09-20 10:44:47,Texas,Fort Worth
51.233.176.61/28,36,40.8111,-73.9642,tnancarrowma@mashable.com,2020-04-28 19:12:02,New York,New York City
166.104.86.240/2,97,33.4707,-111.7188,bgasperimb@rediff.com,2020-08-19 13:39:20,Arizona,Mesa
170.27.15.4/3,3,29.6813,-82.3539,emilthorpemc@creativecommons.org,2020-12-23 03:45:48,Florida,Gainesville
205.202.19.6/31,11,40.6934,-75.4712,kgabitsmd@europa.eu,2020-01-01 23:51:43,Pennsylvania,Allentown
165.123.57.244/6,99,33.8193,-118.2325,svatinime@ebay.com,2020-03-03 07:08:23,California,Long Beach
124.9.235.161/12,5,35.7977,-78.6253,nferrieroimf@rakuten.co.jp,2020-12-16 23:50:56,North Carolina,Raleigh
241.172.203.40/29,3,40.4181,-80.0526,rdallynmg@pcworld.com,2020-01-31 00:03:22,Pennsylvania,Pittsburgh
48.137.253.208/13,36,39.7505,-84.2686,hvicarymh@arstechnica.com,2021-01-21 10:23:15,Ohio,Dayton
20.162.154.89/10,20,32.6076,-93.7526,tstaggsmi@ucsd.edu,2020-03-15 21:49:13,Louisiana,Shreveport
223.13.79.225/27,19,47.6536,-117.4317,dmorduemj@cafepress.com,2020-07-22 20:23:07,Washington,Spokane
241.10.169.164/12,98,30.3633,-91.0919,jmanicombmk@homestead.com,2020-08-10 08:40:26,Louisiana,Baton Rouge
114.29.136.124/10,49,32.4665,-99.7117,rplummerml@usnews.com,2020-03-21 23:03:18,Texas,Abilene
160.205.175.244/15,25,31.6948,-106.3,zmeleskmm@apache.org,2020-03-15 03:57:02,Texas,El Paso
242.183.37.69/6,2,37.7509,-122.4153,fcornboroughmn@webeden.co.uk,2020-04-17 20:34:45,California,San Francisco
13.11.134.208/30,51,36.144,-80.2376,lpaskmo@cam.ac.uk,2020-12-15 05:43:53,North Carolina,Winston Salem
48.63.130.33/14,87,41.1287,-81.54,cpaddefieldmp@linkedin.com,2020-03-31 02:10:39,Ohio,Akron
187.217.76.109/25,97,29.6297,-95.4382,ltolandmq@pagesperso-orange.fr,2020-06-12 21:57:39,Texas,Houston
12.222.135.96/29,97,33.7406,-84.5545,rposenmr@timesonline.co.uk,2020-10-07 18:56:42,Georgia,Atlanta
112.216.181.224/21,93,26.0989,-80.1541,syudems@oaic.gov.au,2020-07-29 20:45:59,Florida,Fort Lauderdale
89.128.173.166/12,32,42.0999,-72.5783,lbergeonmt@go.com,2020-09-06 01:55:30,Massachusetts,Springfield
216.227.185.221/23,51,29.7687,-95.3867,rmuslimmu@4shared.com,2020-02-19 00:38:18,Texas,Houston
245.198.140.104/22,78,45.0159,-93.4719,blimprichtmv@livejournal.com,2020-08-30 17:50:55,Minnesota,Minneapolis
115.98.251.93/13,99,33.5446,-86.9292,trimmingtonmw@wp.com,2020-09-23 17:42:03,Alabama,Birmingham
144.58.211.9/23,27,32.7714,-97.2915,ssearlesmx@cdbaby.com,2020-05-01 20:32:03,Texas,Fort Worth
20.100.46.129/19,6,47.6536,-117.4317,aanselmimy@gizmodo.com,2020-11-13 17:38:01,Washington,Spokane
35.235.232.106/10,48,28.06,-82.4079,gwailesmz@spotify.com,2020-11-25 13:42:12,Florida,Tampa
38.225.71.137/10,45,39.9671,-83.0044,tlochrien0@nhs.uk,2021-01-19 14:47:14,Ohio,Columbus
173.197.247.73/21,43,29.7687,-95.3867,hhorbathn1@ucoz.com,2020-01-09 08:57:29,Texas,Houston
144.145.172.247/17,46,38.3774,-121.4444,sbarlown2@google.it,2020-12-19 02:58:37,California,Sacramento
246.38.33.194/7,89,33.7866,-118.2987,clucen3@51.la,2020-12-11 09:10:33,California,Pomona
106.97.41.58/12,28,47.0662,-122.1132,wbehrensn4@yale.edu,2020-06-19 02:31:53,Washington,Tacoma
118.79.17.165/20,43,39.8032,-121.8673,tallridgen5@wiley.com,2021-01-04 14:46:46,California,Chico
45.157.214.21/28,8,38.0283,-84.4715,ccrann6@chronoengine.com,2020-03-27 09:00:23,Kentucky,Lexington
32.48.86.74/25,60,40.7372,-111.8581,astanworthn7@foxnews.com,2020-10-04 17:53:40,Utah,Salt Lake City
149.152.224.62/12,57,30.6589,-88.178,mdelian8@si.edu,2020-12-01 02:30:48,Alabama,Mobile
2.160.250.39/27,81,40.6407,-73.9028,mhaggishn9@mit.edu,2020-04-26 11:25:14,New York,Brooklyn
219.130.28.105/24,8,36.7464,-119.6397,dtremouillena@bbc.co.uk,2020-08-19 04:33:21,California,Fresno
22.86.74.149/5,95,40.5051,-80.1155,mfarebrothernb@amazon.com,2020-02-05 09:51:35,Pennsylvania,Pittsburgh
107.199.244.111/7,34,38.8933,-77.0146,cgrollmannnc@globo.com,2020-01-26 11:51:02,District of Columbia,Washington
201.105.164.205/29,52,39.1024,-94.5986,ccusworthnd@symantec.com,2020-06-21 22:17:15,Missouri,Kansas City
215.153.142.158/7,77,35.9279,-114.9721,fbrydenne@storify.com,2020-10-09 09:08:14,Nevada,Las Vegas
112.24.110.180/11,1,40.3286,-75.1028,sliklynf@vimeo.com,2020-06-22 19:56:47,Pennsylvania,Levittown
96.108.72.237/29,61,46.8165,-100.7805,jharrismithng@ucoz.ru,2020-12-06 05:57:14,North Dakota,Bismarck
26.132.66.104/14,40,36.7464,-119.6397,sawinnh@icq.com,2020-07-21 19:51:35,California,Fresno
245.122.112.187/5,65,33.7529,-116.0556,vpietronni@gizmodo.com,2020-09-06 18:23:04,California,Corona
239.45.82.89/21,41,36.3158,-82.3838,eduddingnj@vistaprint.com,2020-02-21 01:46:45,Tennessee,Johnson City
197.232.33.156/19,48,40.7086,-74.0087,eaickinnk@multiply.com,2020-07-04 19:54:01,New York,New York City
136.129.47.86/7,97,41.8119,-87.6873,veuplatenl@adobe.com,2020-03-21 19:18:35,Illinois,Chicago
22.201.131.218/18,43,31.6948,-106.3,laddeynm@seesaa.net,2020-12-29 13:09:31,Texas,El Paso
198.182.183.43/4,18,39.9807,-105.2531,efostonnn@soup.io,2020-11-20 04:10:12,Colorado,Boulder
199.95.6.105/5,76,33.5446,-86.9292,ksheardownno@amazonaws.com,2020-01-08 18:28:16,Alabama,Birmingham
20.82.159.136/28,78,33.7866,-118.2987,lbirdisnp@trellian.com,2020-12-27 14:44:53,California,Long Beach
96.208.51.240/17,70,36.0807,-80.0244,mdentnq@1und1.de,2020-06-23 16:14:41,North Carolina,Greensboro
199.96.108.58/12,17,45.0159,-93.4719,bgodwynnr@yale.edu,2020-10-18 13:26:49,Minnesota,Young America
127.174.2.2/20,49,38.4134,-82.2774,scoltonns@abc.net.au,2020-08-09 01:19:41,West Virginia,Huntington
83.139.65.254/10,49,41.3657,-72.9275,chodginnt@exblog.jp,2020-01-15 05:19:12,Connecticut,New Haven
120.43.236.156/20,26,39.7699,-119.6027,gstartennu@sina.com.cn,2020-02-16 13:50:32,Nevada,Reno
188.143.91.92/4,53,27.4049,-80.3623,bdelianv@dagondesign.com,2020-09-30 23:46:35,Florida,Fort Pierce
231.131.126.163/28,25,32.7673,-96.7776,cbreissannw@geocities.com,2020-02-25 20:41:37,Texas,Dallas
46.115.145.128/2,60,32.7673,-96.7776,mjebbnx@privacy.gov.au,2020-11-29 18:55:25,Texas,Dallas
247.213.104.14/20,14,42.4464,-71.4594,dbithellny@mashable.com,2020-07-20 04:56:53,Massachusetts,Woburn
52.83.248.136/26,74,32.7673,-96.7776,myeskinnz@pbs.org,2021-01-19 23:49:58,Texas,Dallas
133.247.130.212/28,18,25.7559,-80.2013,bfeatherstoneo0@wix.com,2020-07-21 15:06:41,Florida,Miami
18.241.170.123/11,14,38.4134,-82.2774,dkleingrubo1@nba.com,2020-08-27 18:58:51,West Virginia,Huntington
64.22.237.122/2,94,38.6111,-90.3225,mbelisono2@indiatimes.com,2020-03-26 17:20:03,Missouri,Saint Louis
30.38.133.252/23,83,41.1084,-104.8107,tgeffeno3@economist.com,2020-07-05 01:41:02,Wyoming,Cheyenne
87.241.163.204/31,81,40.6514,-73.8708,htruemano4@disqus.com,2020-08-27 18:13:43,New York,Jamaica
167.25.123.224/9,55,47.2325,-122.3594,esidgwicko5@redcross.org,2020-06-28 04:45:33,Washington,Tacoma
224.127.211.121/22,66,37.6808,-97.1558,jstephenso6@va.gov,2020-01-24 09:15:48,Kansas,Wichita
155.161.69.107/5,86,40.8469,-73.7874,lklejnao7@twitpic.com,2020-07-03 17:04:53,New York,Bronx
97.96.153.30/12,69,42.3528,-71.1875,lmongero8@foxnews.com,2020-10-18 01:56:22,Massachusetts,Newton
117.235.44.64/24,79,40.854,-81.4278,ostonardo9@1688.com,2020-01-12 06:51:46,Ohio,Canton
253.155.144.121/31,49,31.6403,-97.0963,mleevesoa@loc.gov,2020-10-04 18:01:23,Texas,Waco
186.38.233.4/4,92,36.8787,-76.2604,ageffcockob@cbsnews.com,2020-05-31 00:47:39,Virginia,Norfolk
128.95.210.104/19,4,33.9583,-118.3258,dkeaysoc@liveinternet.ru,2020-08-17 18:47:03,California,Inglewood
226.36.58.112/29,18,37.7864,-122.3892,jhayterod@ed.gov,2020-05-02 08:14:14,California,San Francisco
15.92.114.20/24,60,35.233,-97.4067,smacgilfoyleoe@hibu.com,2020-05-17 17:44:24,Oklahoma,Norman
179.23.147.57/6,11,29.7853,-95.1852,gvarfalameevof@dmoz.org,2020-10-12 20:24:02,Texas,Houston
199.50.16.66/1,20,32.7673,-96.7776,dmactrustyog@mayoclinic.com,2020-12-19 03:37:41,Texas,Dallas
89.197.4.49/8,75,28.5642,-82.4165,dphillipsonoh@gmpg.org,2020-12-11 08:31:12,Florida,Spring Hill
27.238.113.156/22,5,28.06,-82.4079,mcapunoi@pagesperso-orange.fr,2020-06-15 03:28:36,Florida,Tampa
37.109.174.97/30,88,42.1827,-80.0649,gmehargoj@elegantthemes.com,2020-08-16 23:38:26,Pennsylvania,Erie
118.77.92.119/17,62,33.7866,-118.2987,asandersok@yelp.com,2020-04-29 13:43:51,California,Inglewood
72.237.253.165/13,39,37.6566,-121.0191,twalburnol@mashable.com,2020-04-07 05:17:42,California,Modesto
110.110.118.87/31,42,39.7434,-75.5827,jgaggenom@ebay.com,2021-01-04 05:45:56,Delaware,Wilmington
187.91.46.113/18,95,40.8171,-73.7416,dgenckeon@ed.gov,2020-02-13 19:27:10,New York,Great Neck
246.26.179.174/25,48,38.068,-122.741,frobertsenoo@php.net,2020-02-16 13:02:19,California,San Rafael
3.27.247.10/13,96,38.4134,-82.2774,rwigelsworthop@cocolog-nifty.com,2020-02-29 22:04:02,West Virginia,Huntington
132.192.85.17/28,31,42.7684,-78.8871,mbaldacchinooq@howstuffworks.com,2020-01-20 20:59:05,New York,Buffalo
210.240.254.150/10,82,37.6333,-97.425,bleveridgeor@chronoengine.com,2020-06-27 08:28:06,Kansas,Wichita
120.44.93.81/24,37,30.6521,-96.341,tcrichmeros@creativecommons.org,2020-11-08 04:23:31,Texas,College Station
249.209.56.32/27,30,47.2484,-122.4644,rmcbratneyot@quantcast.com,2020-05-19 16:38:43,Washington,Tacoma
245.30.174.43/10,98,25.9894,-80.2153,ipinckedou@bloglovin.com,2020-07-06 17:24:30,Florida,Hollywood
216.21.112.210/22,6,38.4797,-121.4438,dlarcherov@utexas.edu,2020-06-25 21:13:56,California,Sacramento
191.248.252.116/11,42,26.2626,-81.8071,gelwillow@yellowbook.com,2020-12-24 20:40:54,Florida,Naples
78.227.25.134/29,63,38.9327,-77.0322,rautinox@msu.edu,2020-06-18 12:12:54,District of Columbia,Washington
63.129.130.34/7,41,32.5161,-84.9785,cshiriloy@51.la,2020-02-10 03:36:36,Georgia,Columbus
127.136.151.137/16,87,32.7673,-96.7776,sdormeroz@people.com.cn,2020-04-22 08:11:16,Texas,Dallas
197.124.35.180/23,90,38.4631,-122.99,bmcmeylerp0@time.com,2020-02-24 01:43:31,California,Petaluma
200.176.65.227/21,4,42.3528,-71.1875,abennisonp1@google.com.br,2020-02-09 06:00:14,Massachusetts,Newton
235.27.123.193/20,8,36.0512,-78.8577,bmoriganp2@purevolume.com,2020-03-24 16:08:55,North Carolina,Durham
59.115.216.5/31,46,40.8139,-73.8841,graoultp3@epa.gov,2020-10-14 12:39:58,New York,Bronx
111.168.43.134/7,51,33.8444,-84.474,jabbysp4@mit.edu,2020-01-17 03:29:06,Georgia,Atlanta
159.51.7.108/1,97,39.1696,-84.5478,ldelamarp5@facebook.com,2020-11-15 01:57:02,Ohio,Cincinnati
97.234.49.240/1,29,38.4134,-82.2774,nlovedayp6@seattletimes.com,2020-10-25 10:41:31,West Virginia,Huntington
166.62.79.22/17,42,37.2742,-79.9579,abucknellp7@shareasale.com,2020-02-14 08:14:50,Virginia,Roanoke
68.244.61.80/16,41,33.8994,-117.9063,dbachurap8@telegraph.co.uk,2020-11-26 19:31:19,California,Fullerton
228.94.194.189/18,23,40.3086,-76.8464,mrickcordp9@weebly.com,2020-03-27 03:02:09,Pennsylvania,Harrisburg
169.26.33.109/4,99,39.6505,-79.944,amcphilippa@boston.com,2021-01-15 22:34:17,West Virginia,Morgantown
203.162.175.32/17,20,33.1903,-97.1282,dberendspb@tinypic.com,2020-10-08 23:51:21,Texas,Denton
241.161.250.168/15,3,32.215,-110.7758,mchristaeaspc@boston.com,2020-10-30 02:47:25,Arizona,Tucson
55.248.29.28/24,55,38.3774,-121.4444,pturbittpd@i2i.jp,2020-08-13 14:34:15,California,Sacramento
131.70.150.76/17,61,26.5529,-81.9486,nwhiscardpe@engadget.com,2020-01-09 22:13:31,Florida,Fort Myers
91.167.253.75/15,49,29.4375,-98.4616,bshankspf@blog.com,2020-09-11 00:17:25,Texas,San Antonio
23.174.166.92/7,55,37.7667,-97.2805,jortsmannpg@ihg.com,2020-05-10 14:22:35,Kansas,Wichita
225.87.36.203/30,40,41.2955,-96.1008,kmcgowph@twitter.com,2020-10-10 10:13:16,Nebraska,Omaha
167.78.26.209/25,26,30.033,-89.8826,mleflochpi@google.co.uk,2020-08-20 11:05:32,Louisiana,New Orleans
166.69.123.154/21,55,47.6536,-117.4317,jbarthorpepj@sina.com.cn,2020-05-17 10:18:07,Washington,Spokane
136.100.114.100/19,73,37.6409,-120.9749,efratsonpk@hhs.gov,2020-07-11 14:40:25,California,Modesto
67.73.116.134/5,63,39.5224,-119.8353,gsealovepl@buzzfeed.com,2020-07-31 15:56:40,Nevada,Reno
155.209.173.107/30,10,25.5593,-80.3483,cspykinspm@oakley.com,2020-05-29 22:30:29,Florida,Miami
170.128.161.59/9,53,34.1069,-117.2975,erickerseypn@smh.com.au,2020-10-22 15:27:14,California,San Bernardino
108.231.199.168/19,35,36.1379,-86.741,hpoytrespo@narod.ru,2020-04-13 08:53:23,Tennessee,Nashville
125.213.94.47/8,32,40.4344,-80.0248,dbuglarpp@sun.com,2020-10-14 17:24:33,Pennsylvania,Mc Keesport
64.44.47.78/12,17,40.6407,-73.9028,tlinnerpq@columbia.edu,2020-06-19 04:11:11,New York,Brooklyn
23.247.161.79/1,34,38.8999,-94.832,zgaulerpr@xing.com,2020-04-08 02:07:19,Kansas,Shawnee Mission
157.213.36.123/16,3,41.2722,-75.8801,aabbatuccips@merriam-webster.com,2020-08-04 04:27:41,Pennsylvania,Wilkes Barre
75.57.20.30/15,31,42.3654,-71.2316,jwhitemarshpt@ifeng.com,2020-03-29 17:56:23,Massachusetts,Waltham
188.36.253.158/29,91,29.834,-95.4342,gubankspu@miitbeian.gov.cn,2020-01-03 15:32:13,Texas,Houston
242.219.109.202/28,55,40.6412,-74.0133,ycoldrickpv@parallels.com,2020-02-06 04:37:24,New York,Brooklyn
221.50.239.24/14,26,38.9033,-92.1022,acardosopw@indiatimes.com,2020-12-08 15:23:50,Missouri,Columbia
220.121.144.196/21,44,38.6185,-90.2564,bklousnerpx@state.gov,2020-11-13 10:58:51,Missouri,Saint Louis
250.31.135.39/17,11,43.6783,-70.1987,garnullpy@umn.edu,2020-05-23 17:53:46,Maine,Portland
106.45.139.121/9,7,32.3834,-86.2434,bpachtapz@imgur.com,2020-11-26 06:20:24,Alabama,Montgomery
205.166.254.102/23,19,38.6531,-90.2435,nrockq0@booking.com,2020-11-10 09:45:33,Missouri,Saint Louis
17.27.78.47/5,25,38.897,-77.0251,mpetegrewq1@state.tx.us,2020-11-16 07:46:40,District of Columbia,Washington
173.32.76.12/2,40,32.6722,-96.7774,ccadallederq2@netscape.com,2021-01-11 03:53:20,Texas,Dallas
236.76.251.87/26,87,39.035,-94.3567,dlammertq3@mozilla.org,2020-01-14 00:03:33,Missouri,Kansas City
123.221.107.203/5,96,32.7065,-97.3375,mlyvenq4@nifty.com,2020-06-13 16:06:04,Texas,Fort Worth
224.221.214.69/26,30,29.6701,-98.6873,eavisq5@phpbb.com,2020-09-05 03:09:20,Texas,San Antonio
120.84.182.38/26,70,40.6914,-73.8061,dmattschasq6@ucoz.ru,2020-02-09 18:29:26,New York,Jamaica
133.214.42.246/28,29,29.834,-95.4342,jambrogiottiq7@sitemeter.com,2020-07-06 06:20:53,Texas,Houston
19.77.201.104/27,51,32.6076,-93.7526,csilvermanq8@ovh.net,2020-02-09 07:19:52,Louisiana,Shreveport
120.227.220.57/17,14,29.2243,-94.9637,drahlq9@independent.co.uk,2020-02-27 12:15:49,Texas,Galveston
204.141.19.118/6,3,39.2692,-84.3307,gzappelqa@gmpg.org,2020-11-24 06:48:06,Ohio,Cincinnati
140.6.102.81/5,81,33.1968,-117.2831,pventumqb@360.cn,2020-10-17 13:52:53,California,Oceanside
245.207.170.107/16,57,42.7684,-78.8871,msiggqc@nifty.com,2020-10-09 01:17:41,New York,Buffalo
71.31.233.176/9,48,35.9244,-84.0015,hmeiklemqd@domainmarket.com,2020-07-10 15:40:15,Tennessee,Knoxville
254.43.100.175/13,9,35.599,-97.6251,bnickollsqe@canalblog.com,2021-01-22 13:22:45,Oklahoma,Oklahoma City
113.18.228.240/3,56,40.1454,-82.9817,kspireqf@nature.com,2020-07-11 19:48:11,Ohio,Columbus
172.253.8.148/3,13,41.7918,-72.7188,tyitzhokqg@purevolume.com,2020-01-10 02:14:46,Connecticut,Hartford
161.138.171.134/29,56,39.7982,-84.3211,jtwidaleqh@state.gov,2020-03-31 06:51:44,Ohio,Dayton
104.80.114.235/10,64,40.6514,-73.8708,mbaumaierqi@go.com,2020-06-02 17:09:21,New York,Jamaica
129.9.218.204/18,28,40.251,-74.7627,mbayfieldqj@smugmug.com,2020-11-18 07:57:31,New Jersey,Trenton
3.127.84.6/25,26,35.1334,-90.0046,cyegorovqk@engadget.com,2020-03-28 17:00:10,Tennessee,Memphis
129.209.63.54/25,22,37.5242,-77.4932,cleetql@house.gov,2020-06-23 21:28:54,Virginia,Richmond
20.50.193.149/26,46,35.5514,-97.4075,jleatherborrowqm@disqus.com,2020-02-24 20:56:43,Oklahoma,Oklahoma City
184.105.232.234/3,4,36.9216,-76.0171,bkillickqn@senate.gov,2020-12-11 19:39:27,Virginia,Virginia Beach
205.99.168.103/2,96,36.9959,-122.0578,skorbaqo@msu.edu,2020-07-09 22:24:25,California,Santa Cruz
29.70.46.99/15,57,38.8152,-104.7703,tserjeantsonqp@mapquest.com,2020-02-02 19:59:47,Colorado,Colorado Springs
157.35.215.170/30,10,38.8377,-104.837,cdignallqq@amazonaws.com,2020-03-22 07:54:16,Colorado,Colorado Springs
226.30.159.22/23,72,41.613,-90.6063,kcuttingsqr@livejournal.com,2020-01-14 05:44:27,Iowa,Davenport
35.170.253.52/29,28,40.6934,-75.4712,mseyqs@japanpost.jp,2020-05-19 00:23:53,Pennsylvania,Allentown
166.86.12.201/15,86,36.144,-80.2376,jasletqt@rediff.com,2020-06-08 11:40:53,North Carolina,Winston Salem
8.83.215.75/26,75,31.1282,-97.7469,cmccroaryqu@whitehouse.gov,2020-04-19 09:48:50,Texas,Killeen
221.147.33.67/4,39,39.7617,-84.1498,cmordacaiqv@purevolume.com,2020-11-09 02:52:52,Ohio,Dayton
8.28.62.100/13,5,30.4124,-87.2035,daudissqw@accuweather.com,2020-05-31 06:52:52,Florida,Pensacola
98.185.207.232/9,55,37.3811,-122.3348,wknockqx@de.vu,2020-10-13 22:34:48,California,Redwood City
127.25.139.75/13,62,41.6255,-86.2433,bseaqy@alexa.com,2020-08-13 14:54:22,Indiana,South Bend
37.137.223.58/24,96,38.9087,-77.0414,logaraqz@uiuc.edu,2020-09-26 23:19:56,District of Columbia,Washington
168.233.203.92/6,61,37.5158,-77.5047,jcareyr0@wisc.edu,2020-10-15 09:15:33,Virginia,Richmond
252.24.49.51/15,89,36.1398,-96.0297,wchapierr1@sakura.ne.jp,2020-02-17 13:06:47,Oklahoma,Tulsa
191.250.38.163/21,11,32.4589,-93.7143,hdifriscor2@aboutads.info,2020-02-16 13:31:23,Louisiana,Shreveport
231.54.83.125/11,88,32.9522,-96.6654,lgranleeser3@about.me,2020-06-15 18:13:52,Texas,Garland
161.162.233.233/17,82,44.8055,-93.7665,zbrayshayr4@goo.ne.jp,2020-02-24 12:16:15,Minnesota,Young America
181.199.40.184/4,9,33.3616,-111.2795,sbiasettir5@shutterfly.com,2020-05-14 22:29:17,Arizona,Apache Junction
68.132.97.115/4,40,33.2765,-112.1872,elethieulierr6@dmoz.org,2020-12-29 06:35:48,Arizona,Scottsdale
27.216.191.229/23,88,38.8318,-77.2888,jjandlr7@blogspot.com,2020-05-27 03:56:39,Virginia,Falls Church
74.111.189.251/26,54,34.8019,-92.1894,gjorgerr8@dyndns.org,2020-12-13 01:49:00,Arkansas,Little Rock
24.45.202.58/27,93,32.3113,-90.3972,vritmeierr9@senate.gov,2020-07-28 00:26:08,Mississippi,Jackson
111.46.245.9/28,90,42.3648,-71.8969,abairnsfatherra@admin.ch,2020-06-28 03:54:23,Massachusetts,Worcester
38.161.159.81/10,36,35.5514,-97.4075,mmccafferkyrb@digg.com,2020-09-24 08:46:04,Oklahoma,Oklahoma City
79.135.141.244/29,32,32.7673,-96.7776,jmacgillaveryrc@alexa.com,2020-03-11 22:16:09,Texas,Dallas
4.217.194.96/17,90,36.7464,-119.6397,okohringrd@narod.ru,2020-08-19 20:15:44,California,Fresno
77.118.155.198/24,25,40.8139,-73.8841,rcabblere@whitehouse.gov,2020-12-25 01:32:01,New York,Bronx
150.15.156.227/5,8,30.392,-91.0892,ldunkleyrf@joomla.org,2020-09-14 08:55:36,Louisiana,Baton Rouge
53.51.93.11/9,74,34.5271,-82.7087,dcarnierrg@npr.org,2020-08-10 13:39:56,South Carolina,Anderson
125.18.183.27/18,82,33.817,-117.9286,lficklingrh@usatoday.com,2020-08-14 13:06:09,California,Anaheim
219.37.44.55/29,36,25.9098,-80.3889,dharlockri@canalblog.com,2020-09-02 20:00:11,Florida,Hialeah
128.14.18.52/14,39,34.7519,-92.3925,fbalyrj@artisteer.com,2020-11-15 00:32:24,Arkansas,Little Rock
124.32.244.216/9,14,33.7866,-118.2987,dkennerknechtrk@studiopress.com,2020-11-30 14:57:53,California,Los Angeles
46.126.191.212/21,97,33.4061,-112.0265,yculmerrl@sogou.com,2020-02-25 10:30:25,Arizona,Phoenix
20.75.7.183/5,68,42.6149,-73.9708,asouthbyrm@vimeo.com,2020-12-16 19:57:16,New York,Albany
132.253.105.206/21,13,32.6796,-97.3336,fbunnrn@soundcloud.com,2020-04-29 06:31:50,Texas,Fort Worth
245.238.117.248/10,33,37.5313,-77.4161,pspellingro@wikia.com,2020-12-17 07:53:00,Virginia,Richmond
32.13.122.169/17,58,25.7341,-80.4068,igergerp@ox.ac.uk,2020-12-02 18:34:29,Florida,Miami
81.235.194.195/31,16,39.1848,-84.3448,cstollenwerckrq@purevolume.com,2020-11-04 00:07:56,Ohio,Cincinnati
254.195.214.82/29,34,47.116,-114.0498,mplattrr@google.com.au,2020-12-17 23:10:14,Montana,Missoula
